quarterbeats	duration_qb	mc	mn	mc_onset	mn_onset	timesig	staff	voice	duration	gracenote	nominal_duration	scalar	tied	tpc	midi	chord_id
0	1.0	1	1	0	0	3/4	2	1	1/4		1/4	1		-2	46	0
1	1.0	1	1	1/4	1/4	3/4	2	1	1/4		1/4	1		-1	53	1
1	1.0	1	1	1/4	1/4	3/4	2	1	1/4		1/4	1		-2	58	1
1	1.0	1	1	1/4	1/4	3/4	2	1	1/4		1/4	1		-5	61	1
2	1.0	1	1	1/2	1/2	3/4	2	1	1/4		1/4	1		4	52	2
2	1.0	1	1	1/2	1/2	3/4	2	1	1/4		1/4	1		-2	58	2
2	1.0	1	1	1/2	1/2	3/4	2	1	1/4		1/4	1		-5	61	2
3	1.0	2	2	0	0	3/4	2	1	1/4		1/4	1		-2	46	3
4	1.0	2	2	1/4	1/4	3/4	2	1	1/4		1/4	1		-1	53	4
4	1.0	2	2	1/4	1/4	3/4	2	1	1/4		1/4	1		-2	58	4
4	1.0	2	2	1/4	1/4	3/4	2	1	1/4		1/4	1		-5	61	4
5	1.0	2	2	1/2	1/2	3/4	2	1	1/4		1/4	1		4	52	5
5	1.0	2	2	1/2	1/2	3/4	2	1	1/4		1/4	1		-2	58	5
5	1.0	2	2	1/2	1/2	3/4	2	1	1/4		1/4	1		-5	61	5
6	1.0	3	3	0	0	3/4	2	1	1/4		1/4	1		-2	46	6
7	1.0	3	3	1/4	1/4	3/4	2	1	1/4		1/4	1		-1	53	7
7	1.0	3	3	1/4	1/4	3/4	2	1	1/4		1/4	1		-2	58	7
7	1.0	3	3	1/4	1/4	3/4	2	1	1/4		1/4	1		-5	61	7
8	1.0	3	3	1/2	1/2	3/4	2	1	1/4		1/4	1		4	52	8
8	1.0	3	3	1/2	1/2	3/4	2	1	1/4		1/4	1		-2	58	8
8	1.0	3	3	1/2	1/2	3/4	2	1	1/4		1/4	1		-5	61	8
9	1.0	4	4	0	0	3/4	2	1	1/4		1/4	1		-2	46	9
10	1.0	4	4	1/4	1/4	3/4	2	1	1/4		1/4	1		-1	53	10
10	1.0	4	4	1/4	1/4	3/4	2	1	1/4		1/4	1		-2	58	10
10	1.0	4	4	1/4	1/4	3/4	2	1	1/4		1/4	1		-5	61	10
11	1.0	4	4	1/2	1/2	3/4	2	1	1/4		1/4	1		4	52	11
11	1.0	4	4	1/2	1/2	3/4	2	1	1/4		1/4	1		-2	58	11
11	1.0	4	4	1/2	1/2	3/4	2	1	1/4		1/4	1		-5	61	11
12	1.0	5	5	0	0	3/4	2	1	1/4		1/4	1		-2	46	15
25/2	0.5	5	5	1/8	1/8	3/4	1	1	1/8		1/8	1		1	67	12
13	1.0	5	5	1/4	1/4	3/4	2	1	1/4		1/4	1		-1	53	16
13	1.0	5	5	1/4	1/4	3/4	2	1	1/4		1/4	1		-2	58	16
13	1.0	5	5	1/4	1/4	3/4	2	1	1/4		1/4	1		-5	61	16
13	1.0	5	5	1/4	1/4	3/4	1	1	1/4		1/4	1		1	67	13
14	1.0	5	5	1/2	1/2	3/4	2	1	1/4		1/4	1		4	52	17
14	1.0	5	5	1/2	1/2	3/4	2	1	1/4		1/4	1		-2	58	17
14	1.0	5	5	1/2	1/2	3/4	2	1	1/4		1/4	1		-5	61	17
14	1.0	5	5	1/2	1/2	3/4	1	1	1/4		1/4	1		-4	68	14
15	1.0	6	6	0	0	3/4	2	1	1/4		1/4	1		-2	46	21
31/2	0.5	6	6	1/8	1/8	3/4	1	1	1/8		1/8	1		-2	70	18
16	1.0	6	6	1/4	1/4	3/4	2	1	1/4		1/4	1		-1	53	22
16	1.0	6	6	1/4	1/4	3/4	2	1	1/4		1/4	1		-2	58	22
16	1.0	6	6	1/4	1/4	3/4	2	1	1/4		1/4	1		-5	61	22
16	1.0	6	6	1/4	1/4	3/4	1	1	1/4		1/4	1		-2	70	19
17	1.0	6	6	1/2	1/2	3/4	2	1	1/4		1/4	1		4	52	23
17	1.0	6	6	1/2	1/2	3/4	2	1	1/4		1/4	1		-2	58	23
17	1.0	6	6	1/2	1/2	3/4	2	1	1/4		1/4	1		-5	61	23
17	1.0	6	6	1/2	1/2	3/4	1	1	1/4		1/4	1		0	72	20
18	1.0	7	7	0	0	3/4	2	1	1/4		1/4	1		-2	46	29
37/2	0.5	7	7	1/8	1/8	3/4	1	1	1/8		1/8	1		1	67	24
19	1.0	7	7	1/4	1/4	3/4	2	1	1/4		1/4	1		-1	53	30
19	1.0	7	7	1/4	1/4	3/4	2	1	1/4		1/4	1		-2	58	30
19	1.0	7	7	1/4	1/4	3/4	2	1	1/4		1/4	1		-5	61	30
19	0.5	7	7	1/4	1/4	3/4	1	1	1/8		1/8	1		1	67	25
39/2	0.5	7	7	3/8	3/8	3/4	1	1	1/8		1/8	1		-4	68	26
20	1.0	7	7	1/2	1/2	3/4	2	1	1/4		1/4	1		4	52	31
20	1.0	7	7	1/2	1/2	3/4	2	1	1/4		1/4	1		-2	58	31
20	1.0	7	7	1/2	1/2	3/4	2	1	1/4		1/4	1		-5	61	31
20	0.5	7	7	1/2	1/2	3/4	1	1	1/8		1/8	1		-2	70	27
41/2	0.5	7	7	5/8	5/8	3/4	1	1	1/8		1/8	1		0	72	28
21	1.0	8	8	0	0	3/4	2	1	1/4		1/4	1		-2	46	33
21	3.0	8	8	0	0	3/4	1	1	3/4		1/2	3/2		1	67	32
22	1.0	8	8	1/4	1/4	3/4	2	1	1/4		1/4	1		-1	53	34
22	1.0	8	8	1/4	1/4	3/4	2	1	1/4		1/4	1		-2	58	34
22	1.0	8	8	1/4	1/4	3/4	2	1	1/4		1/4	1		-5	61	34
23	1.0	8	8	1/2	1/2	3/4	2	1	1/4		1/4	1		4	52	35
23	1.0	8	8	1/2	1/2	3/4	2	1	1/4		1/4	1		-2	58	35
23	1.0	8	8	1/2	1/2	3/4	2	1	1/4		1/4	1		-5	61	35
24	2.0	9	9	0	0	3/4	2	2	1/2		1/2	1		-4	44	41
49/2	0.5	9	9	1/8	1/8	3/4	1	1	1/8		1/8	1		1	67	36
25	1.0	9	9	1/4	1/4	3/4	2	1	1/4		1/4	1		-1	53	40
25	1.0	9	9	1/4	1/4	3/4	2	1	1/4		1/4	1		0	60	40
25	0.5	9	9	1/4	1/4	3/4	1	1	1/8		1/8	1		-4	68	37
51/2	0.5	9	9	3/8	3/8	3/4	1	1	1/8		1/8	1		-1	65	38
26	1.0	9	9	1/2	1/2	3/4	2	2	1/4		1/4	1		1	43	42
26	1.0	9	9	1/2	1/2	3/4	1	1	1/4		1/4	1	1	0	60	39
27	2.0	10	10	0	0	3/4	2	2	1/2		1/2	1		-1	41	47
27	0.5	10	10	0	0	3/4	1	1	1/8		1/8	1	-1	0	60	43
55/2	0.5	10	10	1/8	1/8	3/4	1	1	1/8		1/8	1		-1	65	44
28	1.0	10	10	1/4	1/4	3/4	2	1	1/4		1/4	1		0	48	46
28	1.0	10	10	1/4	1/4	3/4	2	1	1/4		1/4	1		-4	56	46
28	2.0	10	10	1/4	1/4	3/4	1	1	1/2		1/2	1	1	0	72	45
29	1.0	10	10	1/2	1/2	3/4	2	2	1/4		1/4	1		-3	39	48
30	2.0	11	11	0	0	3/4	2	2	1/2		1/2	1		2	38	56
30	0.5	11	11	0	0	3/4	1	1	1/8		1/8	1	-1	0	72	49
61/2	0.5	11	11	1/8	1/8	3/4	1	1	1/8		1/8	1		-1	65	50
31	1.0	11	11	1/4	1/4	3/4	2	1	1/4		1/4	1		-4	44	55
31	1.0	11	11	1/4	1/4	3/4	2	1	1/4		1/4	1		-1	53	55
31	0.5	11	11	1/4	1/4	3/4	1	1	1/8		1/8	1		0	60	51
63/2	0.5	11	11	3/8	3/8	3/4	1	1	1/8		1/8	1		-1	65	52
32	1.0	11	11	1/2	1/2	3/4	2	2	1/4		1/4	1		-5	37	57
32	0.5	11	11	1/2	1/2	3/4	1	1	1/8		1/8	1		0	72	53
65/2	0.5	11	11	5/8	5/8	3/4	1	1	1/8		1/8	1		-1	77	54
33	3.0	12	12	0	0	3/4	2	2	3/4		1/2	3/2		0	36	67
33	3.0	12	12	0	0	3/4	2	2	3/4		1/2	3/2		1	43	67
33	0.3333333333333333	12	12	0	0	3/4	1	1	1/12		1/8	2/3		4	76	58
33	0.3333333333333333	12	12	0	0	3/4	1	1	1/12		1/8	2/3		1	79	58
100/3	0.3333333333333333	12	12	1/12	1/12	3/4	1	1	1/12		1/8	2/3		0	72	59
101/3	0.3333333333333333	12	12	1/6	1/6	3/4	1	1	1/12		1/8	2/3		1	67	60
34	0.3333333333333333	12	12	1/4	1/4	3/4	2	1	1/12		1/8	2/3		0	60	64
34	0.3333333333333333	12	12	1/4	1/4	3/4	2	1	1/12		1/8	2/3		4	64	64
103/3	0.3333333333333333	12	12	1/3	1/3	3/4	2	1	1/12		1/8	2/3		1	55	65
104/3	0.3333333333333333	12	12	5/12	5/12	3/4	2	1	1/12		1/8	2/3		4	52	66
35	0.3333333333333333	12	12	1/2	1/2	3/4	1	1	1/12		1/8	2/3		4	88	61
35	0.3333333333333333	12	12	1/2	1/2	3/4	1	1	1/12		1/8	2/3		1	91	61
106/3	0.3333333333333333	12	12	7/12	7/12	3/4	1	1	1/12		1/8	2/3		0	84	62
107/3	0.3333333333333333	12	12	2/3	2/3	3/4	1	1	1/12		1/8	2/3		1	79	63
36	0.3333333333333333	13	13	0	0	3/4	2	1	1/12		1/8	2/3		0	72	71
36	0.3333333333333333	13	13	0	0	3/4	2	1	1/12		1/8	2/3		4	76	71
109/3	0.3333333333333333	13	13	1/12	1/12	3/4	2	1	1/12		1/8	2/3		1	67	72
110/3	0.3333333333333333	13	13	1/6	1/6	3/4	2	1	1/12		1/8	2/3		4	64	73
37	0.3333333333333333	13	13	1/4	1/4	3/4	1	1	1/12		1/8	2/3		4	76	68
37	0.3333333333333333	13	13	1/4	1/4	3/4	1	1	1/12		1/8	2/3		1	79	68
112/3	0.3333333333333333	13	13	1/3	1/3	3/4	1	1	1/12		1/8	2/3		0	72	69
113/3	0.3333333333333333	13	13	5/12	5/12	3/4	1	1	1/12		1/8	2/3		1	67	70
38	0.3333333333333333	13	13	1/2	1/2	3/4	2	1	1/12		1/8	2/3		0	60	74
38	0.3333333333333333	13	13	1/2	1/2	3/4	2	1	1/12		1/8	2/3		4	64	74
115/3	0.3333333333333333	13	13	7/12	7/12	3/4	2	1	1/12		1/8	2/3		1	55	75
116/3	0.3333333333333333	13	13	2/3	2/3	3/4	2	1	1/12		1/8	2/3		4	52	76
39	0.3333333333333333	14	14	0	0	3/4	1	1	1/12		1/8	2/3		4	88	77
39	0.3333333333333333	14	14	0	0	3/4	1	1	1/12		1/8	2/3		1	91	77
118/3	0.3333333333333333	14	14	1/12	1/12	3/4	1	1	1/12		1/8	2/3		0	84	78
119/3	0.3333333333333333	14	14	1/6	1/6	3/4	1	1	1/12		1/8	2/3		1	79	79
40	0.3333333333333333	14	14	1/4	1/4	3/4	2	1	1/12		1/8	2/3		0	72	83
40	0.3333333333333333	14	14	1/4	1/4	3/4	2	1	1/12		1/8	2/3		4	76	83
121/3	0.3333333333333333	14	14	1/3	1/3	3/4	2	1	1/12		1/8	2/3		1	67	84
122/3	0.3333333333333333	14	14	5/12	5/12	3/4	2	1	1/12		1/8	2/3		4	64	85
41	0.3333333333333333	14	14	1/2	1/2	3/4	1	1	1/12		1/8	2/3		4	76	80
41	0.3333333333333333	14	14	1/2	1/2	3/4	1	1	1/12		1/8	2/3		1	79	80
124/3	0.3333333333333333	14	14	7/12	7/12	3/4	1	1	1/12		1/8	2/3		0	72	81
125/3	0.3333333333333333	14	14	2/3	2/3	3/4	1	1	1/12		1/8	2/3		1	67	82
42	0.3333333333333333	15	15	0	0	3/4	2	1	1/12		1/8	2/3		0	60	86
42	0.3333333333333333	15	15	0	0	3/4	2	1	1/12		1/8	2/3		4	64	86
127/3	0.3333333333333333	15	15	1/12	1/12	3/4	2	1	1/12		1/8	2/3		1	55	87
128/3	0.3333333333333333	15	15	1/6	1/6	3/4	2	1	1/12		1/8	2/3		4	52	88
43	1.0	15	15	1/4	1/4	3/4	2	1	1/4		1/4	1		0	60	89
44	1.0	15	15	1/2	1/2	3/4	2	1	1/4		1/4	1		5	59	90
45	2.0	16	16	0	0	3/4	2	2	1/2		1/2	1		-2	58	95
91/2	0.5	16	16	1/8	1/8	3/4	1	1	1/8		1/8	1		1	67	91
46	1.0	16	16	1/4	1/4	3/4	2	1	1/4		1/4	1		-5	61	94
46	1.0	16	16	1/4	1/4	3/4	2	1	1/4		1/4	1		-1	65	94
46	1.0	16	16	1/4	1/4	3/4	1	1	1/4		1/4	1		1	67	92
47	1.0	16	16	1/2	1/2	3/4	2	2	1/4		1/4	1		-4	56	96
47	1.0	16	16	1/2	1/2	3/4	1	1	1/4		1/4	1		-4	68	93
48	2.0	17	17	0	0	3/4	2	2	1/2		1/2	1		1	55	101
97/2	0.5	17	17	1/8	1/8	3/4	1	1	1/8		1/8	1		-2	70	97
49	1.0	17	17	1/4	1/4	3/4	2	1	1/4		1/4	1		-2	58	100
49	1.0	17	17	1/4	1/4	3/4	2	1	1/4		1/4	1		-5	61	100
49	1.0	17	17	1/4	1/4	3/4	2	1	1/4		1/4	1		-1	65	100
49	1.0	17	17	1/4	1/4	3/4	1	1	1/4		1/4	1		-2	70	98
50	1.0	17	17	1/2	1/2	3/4	2	2	1/4		1/4	1		-1	53	102
50	1.0	17	17	1/2	1/2	3/4	1	1	1/4		1/4	1		0	72	99
51	2.0	18	18	0	0	3/4	2	2	1/2		1/2	1		-3	51	109
103/2	0.5	18	18	1/8	1/8	3/4	1	1	1/8		1/8	1		1	67	103
52	1.0	18	18	1/4	1/4	3/4	2	1	1/4		1/4	1		-2	58	108
52	1.0	18	18	1/4	1/4	3/4	2	1	1/4		1/4	1		-5	61	108
52	1.0	18	18	1/4	1/4	3/4	2	1	1/4		1/4	1		-1	65	108
52	0.5	18	18	1/4	1/4	3/4	1	1	1/8		1/8	1		1	67	104
105/2	0.5	18	18	3/8	3/8	3/4	1	1	1/8		1/8	1		-4	68	105
53	1.0	18	18	1/2	1/2	3/4	2	2	1/4		1/4	1		-5	49	110
53	0.5	18	18	1/2	1/2	3/4	1	1	1/8		1/8	1		-2	70	106
107/2	0.5	18	18	5/8	5/8	3/4	1	1	1/8		1/8	1		0	72	107
54	2.0	19	19	0	0	3/4	2	2	1/2		1/2	1		0	48	113
54	3.0	19	19	0	0	3/4	1	1	3/4		1/2	3/2		1	67	111
55	1.0	19	19	1/4	1/4	3/4	2	1	1/4		1/4	1		1	55	112
55	1.0	19	19	1/4	1/4	3/4	2	1	1/4		1/4	1		0	60	112
55	1.0	19	19	1/4	1/4	3/4	2	1	1/4		1/4	1		4	64	112
56	1.0	19	19	1/2	1/2	3/4	2	2	1/4		1/4	1		-2	46	114
57	2.0	20	20	0	0	3/4	2	2	1/2		1/2	1		-4	44	120
115/2	0.5	20	20	1/8	1/8	3/4	1	1	1/8		1/8	1		1	67	115
58	1.0	20	20	1/4	1/4	3/4	2	1	1/4		1/4	1		-1	53	119
58	1.0	20	20	1/4	1/4	3/4	2	1	1/4		1/4	1		0	60	119
58	0.5	20	20	1/4	1/4	3/4	1	1	1/8		1/8	1		-4	68	116
117/2	0.5	20	20	3/8	3/8	3/4	1	1	1/8		1/8	1		-1	65	117
59	1.0	20	20	1/2	1/2	3/4	2	2	1/4		1/4	1		1	43	121
59	1.0	20	20	1/2	1/2	3/4	1	1	1/4		1/4	1	1	0	60	118
60	2.0	21	21	0	0	3/4	2	2	1/2		1/2	1		-1	41	126
60	0.5	21	21	0	0	3/4	1	1	1/8		1/8	1	-1	0	60	122
121/2	0.5	21	21	1/8	1/8	3/4	1	1	1/8		1/8	1		-1	65	123
61	1.0	21	21	1/4	1/4	3/4	2	1	1/4		1/4	1		0	48	125
61	1.0	21	21	1/4	1/4	3/4	2	1	1/4		1/4	1		-4	56	125
61	2.0	21	21	1/4	1/4	3/4	1	1	1/2		1/2	1	1	0	72	124
62	1.0	21	21	1/2	1/2	3/4	2	2	1/4		1/4	1		-3	39	127
63	2.0	22	22	0	0	3/4	2	2	1/2		1/2	1		2	38	135
63	0.5	22	22	0	0	3/4	1	1	1/8		1/8	1	-1	0	72	128
127/2	0.5	22	22	1/8	1/8	3/4	1	1	1/8		1/8	1		-1	65	129
64	1.0	22	22	1/4	1/4	3/4	2	1	1/4		1/4	1		-4	44	134
64	1.0	22	22	1/4	1/4	3/4	2	1	1/4		1/4	1		-1	53	134
64	0.5	22	22	1/4	1/4	3/4	1	1	1/8		1/8	1		0	60	130
129/2	0.5	22	22	3/8	3/8	3/4	1	1	1/8		1/8	1		-1	65	131
65	1.0	22	22	1/2	1/2	3/4	2	2	1/4		1/4	1		-5	37	136
65	0.5	22	22	1/2	1/2	3/4	1	1	1/8		1/8	1		0	72	132
131/2	0.5	22	22	5/8	5/8	3/4	1	1	1/8		1/8	1		-1	77	133
66	3.0	23	23	0	0	3/4	2	2	3/4		1/2	3/2		0	36	146
66	3.0	23	23	0	0	3/4	2	2	3/4		1/2	3/2		1	43	146
66	0.3333333333333333	23	23	0	0	3/4	1	1	1/12		1/8	2/3		4	76	137
66	0.3333333333333333	23	23	0	0	3/4	1	1	1/12		1/8	2/3		1	79	137
199/3	0.3333333333333333	23	23	1/12	1/12	3/4	1	1	1/12		1/8	2/3		0	72	138
200/3	0.3333333333333333	23	23	1/6	1/6	3/4	1	1	1/12		1/8	2/3		1	67	139
67	0.3333333333333333	23	23	1/4	1/4	3/4	2	1	1/12		1/8	2/3		0	60	143
67	0.3333333333333333	23	23	1/4	1/4	3/4	2	1	1/12		1/8	2/3		4	64	143
202/3	0.3333333333333333	23	23	1/3	1/3	3/4	2	1	1/12		1/8	2/3		1	55	144
203/3	0.3333333333333333	23	23	5/12	5/12	3/4	2	1	1/12		1/8	2/3		4	52	145
68	0.3333333333333333	23	23	1/2	1/2	3/4	1	1	1/12		1/8	2/3		4	88	140
68	0.3333333333333333	23	23	1/2	1/2	3/4	1	1	1/12		1/8	2/3		1	91	140
205/3	0.3333333333333333	23	23	7/12	7/12	3/4	1	1	1/12		1/8	2/3		0	84	141
206/3	0.3333333333333333	23	23	2/3	2/3	3/4	1	1	1/12		1/8	2/3		1	79	142
69	0.3333333333333333	24	24	0	0	3/4	2	1	1/12		1/8	2/3		0	72	150
69	0.3333333333333333	24	24	0	0	3/4	2	1	1/12		1/8	2/3		4	76	150
208/3	0.3333333333333333	24	24	1/12	1/12	3/4	2	1	1/12		1/8	2/3		1	67	151
209/3	0.3333333333333333	24	24	1/6	1/6	3/4	2	1	1/12		1/8	2/3		4	64	152
70	0.3333333333333333	24	24	1/4	1/4	3/4	1	1	1/12		1/8	2/3		4	76	147
70	0.3333333333333333	24	24	1/4	1/4	3/4	1	1	1/12		1/8	2/3		1	79	147
211/3	0.3333333333333333	24	24	1/3	1/3	3/4	1	1	1/12		1/8	2/3		0	72	148
212/3	0.3333333333333333	24	24	5/12	5/12	3/4	1	1	1/12		1/8	2/3		1	67	149
71	0.3333333333333333	24	24	1/2	1/2	3/4	2	1	1/12		1/8	2/3		0	60	153
71	0.3333333333333333	24	24	1/2	1/2	3/4	2	1	1/12		1/8	2/3		4	64	153
214/3	0.3333333333333333	24	24	7/12	7/12	3/4	2	1	1/12		1/8	2/3		1	55	154
215/3	0.3333333333333333	24	24	2/3	2/3	3/4	2	1	1/12		1/8	2/3		4	52	155
72	0.3333333333333333	25	25	0	0	3/4	1	1	1/12		1/8	2/3		4	88	156
72	0.3333333333333333	25	25	0	0	3/4	1	1	1/12		1/8	2/3		1	91	156
217/3	0.3333333333333333	25	25	1/12	1/12	3/4	1	1	1/12		1/8	2/3		0	84	157
218/3	0.3333333333333333	25	25	1/6	1/6	3/4	1	1	1/12		1/8	2/3		1	79	158
73	0.3333333333333333	25	25	1/4	1/4	3/4	2	1	1/12		1/8	2/3		0	72	162
73	0.3333333333333333	25	25	1/4	1/4	3/4	2	1	1/12		1/8	2/3		4	76	162
220/3	0.3333333333333333	25	25	1/3	1/3	3/4	2	1	1/12		1/8	2/3		1	67	163
221/3	0.3333333333333333	25	25	5/12	5/12	3/4	2	1	1/12		1/8	2/3		4	64	164
74	0.3333333333333333	25	25	1/2	1/2	3/4	1	1	1/12		1/8	2/3		4	76	159
74	0.3333333333333333	25	25	1/2	1/2	3/4	1	1	1/12		1/8	2/3		1	79	159
223/3	0.3333333333333333	25	25	7/12	7/12	3/4	1	1	1/12		1/8	2/3		0	72	160
224/3	0.3333333333333333	25	25	2/3	2/3	3/4	1	1	1/12		1/8	2/3		1	67	161
75	0.3333333333333333	26	26	0	0	3/4	2	1	1/12		1/8	2/3		0	60	165
75	0.3333333333333333	26	26	0	0	3/4	2	1	1/12		1/8	2/3		4	64	165
226/3	0.3333333333333333	26	26	1/12	1/12	3/4	2	1	1/12		1/8	2/3		1	55	166
227/3	0.3333333333333333	26	26	1/6	1/6	3/4	2	1	1/12		1/8	2/3		4	52	167
76	1.0	26	26	1/4	1/4	3/4	2	1	1/4		1/4	1		0	48	168
77	1.0	26	26	1/2	1/2	3/4	2	1	1/4		1/4	1		5	47	169
78	1.0	27	27	0	0	3/4	2	1	1/4		1/4	1		-2	34	171
78	1.0	27	27	0	0	3/4	2	1	1/4		1/4	1		-2	46	171
79	1.0	27	27	1/4	1/4	3/4	2	1	1/4		1/4	1		-1	53	172
79	1.0	27	27	1/4	1/4	3/4	2	1	1/4		1/4	1		-2	58	172
79	1.0	27	27	1/4	1/4	3/4	2	1	1/4		1/4	1		-5	61	172
79	1.0	27	27	1/4	1/4	3/4	2	1	1/4		1/4	1		-1	65	172
80	1.0	27	27	1/2	1/2	3/4	2	1	1/4		1/4	1		1	55	173
80	1.0	27	27	1/2	1/2	3/4	2	1	1/4		1/4	1		-2	58	173
80	1.0	27	27	1/2	1/2	3/4	2	1	1/4		1/4	1		-5	61	173
80	1.0	27	27	1/2	1/2	3/4	2	1	1/4		1/4	1		1	67	173
80	1.0	27	27	1/2	1/2	3/4	1	1	1/4		1/4	1	1	1	79	170
81	1.0	28	28	0	0	3/4	2	1	1/4		1/4	1		-4	56	179
81	1.0	28	28	0	0	3/4	2	1	1/4		1/4	1		-2	58	179
81	1.0	28	28	0	0	3/4	2	1	1/4		1/4	1		-5	61	179
81	1.0	28	28	0	0	3/4	2	1	1/4		1/4	1		-4	68	179
81	0.5	28	28	0	0	3/4	1	1	1/8		1/8	1	-1	1	79	174
163/2	0.5	28	28	1/8	1/8	3/4	1	1	1/8		1/8	1		-1	77	175
82	1.0	28	28	1/4	1/4	3/4	2	1	1/4		1/4	1		1	55	180
82	1.0	28	28	1/4	1/4	3/4	2	1	1/4		1/4	1		-2	58	180
82	1.0	28	28	1/4	1/4	3/4	2	1	1/4		1/4	1		-5	61	180
82	1.0	28	28	1/4	1/4	3/4	2	1	1/4		1/4	1		1	67	180
82	0.5	28	28	1/4	1/4	3/4	1	1	1/8		1/8	1		-3	75	176
165/2	0.5	28	28	3/8	3/8	3/4	1	1	1/8		1/8	1		-5	73	177
83	1.0	28	28	1/2	1/2	3/4	2	1	1/4		1/4	1		-4	56	181
83	1.0	28	28	1/2	1/2	3/4	2	1	1/4		1/4	1		-2	58	181
83	1.0	28	28	1/2	1/2	3/4	2	1	1/4		1/4	1		-5	61	181
83	1.0	28	28	1/2	1/2	3/4	1	1	1/4		1/4	1		-1	65	178
83	1.0	28	28	1/2	1/2	3/4	2	1	1/4		1/4	1		-4	68	181
84	1.0	29	29	0	0	3/4	2	1	1/4		1/4	1		-2	34	183
84	1.0	29	29	0	0	3/4	2	1	1/4		1/4	1		-2	46	183
85	1.0	29	29	1/4	1/4	3/4	2	1	1/4		1/4	1		1	55	184
85	1.0	29	29	1/4	1/4	3/4	2	1	1/4		1/4	1		-2	58	184
85	1.0	29	29	1/4	1/4	3/4	2	1	1/4		1/4	1		-5	61	184
85	1.0	29	29	1/4	1/4	3/4	2	1	1/4		1/4	1		1	67	184
86	1.0	29	29	1/2	1/2	3/4	2	1	1/4		1/4	1		-4	56	185
86	1.0	29	29	1/2	1/2	3/4	2	1	1/4		1/4	1		-2	58	185
86	1.0	29	29	1/2	1/2	3/4	2	1	1/4		1/4	1		-5	61	185
86	1.0	29	29	1/2	1/2	3/4	2	1	1/4		1/4	1		-4	68	185
86	1.0	29	29	1/2	1/2	3/4	1	1	1/4		1/4	1	1	1	79	182
87	0.0	30	30	0	0	3/4	2	1	0	acciaccatura	1/8	1		-3	51	191
87	1.0	30	30	0	0	3/4	2	1	1/4		1/4	1		-2	58	192
87	1.0	30	30	0	0	3/4	2	1	1/4		1/4	1		-5	61	192
87	1.0	30	30	0	0	3/4	2	1	1/4		1/4	1		-3	63	192
87	1.0	30	30	0	0	3/4	2	1	1/4		1/4	1		-2	70	192
87	0.5	30	30	0	0	3/4	1	1	1/8		1/8	1	-1	1	79	186
175/2	0.5	30	30	1/8	1/8	3/4	1	1	1/8		1/8	1		-1	77	187
88	1.0	30	30	1/4	1/4	3/4	2	1	1/4		1/4	1		-4	56	193
88	1.0	30	30	1/4	1/4	3/4	2	1	1/4		1/4	1		-5	61	193
88	1.0	30	30	1/4	1/4	3/4	2	1	1/4		1/4	1		-3	63	193
88	1.0	30	30	1/4	1/4	3/4	2	1	1/4		1/4	1		-4	68	193
88	0.5	30	30	1/4	1/4	3/4	1	1	1/8		1/8	1		-3	75	188
177/2	0.5	30	30	3/8	3/8	3/4	1	1	1/8		1/8	1		-5	73	189
89	1.0	30	30	1/2	1/2	3/4	2	1	1/4		1/4	1		-2	58	194
89	1.0	30	30	1/2	1/2	3/4	2	1	1/4		1/4	1		-5	61	194
89	1.0	30	30	1/2	1/2	3/4	2	1	1/4		1/4	1		-3	63	194
89	1.0	30	30	1/2	1/2	3/4	1	1	1/4		1/4	1		-1	65	190
89	1.0	30	30	1/2	1/2	3/4	2	1	1/4		1/4	1		-2	70	194
90	1.0	31	31	0	0	3/4	2	1	1/4		1/4	1		-4	44	197
90	1.0	31	31	0	0	3/4	2	1	1/4		1/4	1		-3	51	197
91	1.0	31	31	1/4	1/4	3/4	2	1	1/4		1/4	1		0	60	198
91	1.0	31	31	1/4	1/4	3/4	2	1	1/4		1/4	1		-3	63	198
91	1.0	31	31	1/4	1/4	3/4	2	1	1/4		1/4	1		-2	70	198
91	1.0	31	31	1/4	1/4	3/4	1	1	1/4		1/4	1		0	72	195
91	1.0	31	31	1/4	1/4	3/4	1	1	1/4		1/4	1		-3	75	195
91	1.0	31	31	1/4	1/4	3/4	1	1	1/4		1/4	1		1	79	195
92	1.0	31	31	1/2	1/2	3/4	2	1	1/4		1/4	1		0	60	199
92	1.0	31	31	1/2	1/2	3/4	2	1	1/4		1/4	1		-3	63	199
92	1.0	31	31	1/2	1/2	3/4	2	1	1/4		1/4	1		-4	68	199
92	1.0	31	31	1/2	1/2	3/4	1	1	1/4		1/4	1		0	72	196
92	1.0	31	31	1/2	1/2	3/4	1	1	1/4		1/4	1		-3	75	196
92	1.0	31	31	1/2	1/2	3/4	1	1	1/4		1/4	1		-4	80	196
93	1.0	32	32	0	0	3/4	2	1	1/4		1/4	1		-1	41	202
93	1.0	32	32	0	0	3/4	2	1	1/4		1/4	1		0	48	202
94	1.0	32	32	1/4	1/4	3/4	2	1	1/4		1/4	1		-4	56	203
94	1.0	32	32	1/4	1/4	3/4	2	1	1/4		1/4	1		0	60	203
94	1.0	32	32	1/4	1/4	3/4	2	1	1/4		1/4	1		1	67	203
94	1.0	32	32	1/4	1/4	3/4	1	1	1/4		1/4	1		0	72	200
94	1.0	32	32	1/4	1/4	3/4	1	1	1/4		1/4	1		-3	75	200
94	1.0	32	32	1/4	1/4	3/4	1	1	1/4		1/4	1		1	79	200
95	1.0	32	32	1/2	1/2	3/4	2	1	1/4		1/4	1		-4	56	204
95	1.0	32	32	1/2	1/2	3/4	2	1	1/4		1/4	1		0	60	204
95	1.0	32	32	1/2	1/2	3/4	2	1	1/4		1/4	1		-1	65	204
95	1.0	32	32	1/2	1/2	3/4	1	1	1/4		1/4	1		0	72	201
95	1.0	32	32	1/2	1/2	3/4	1	1	1/4		1/4	1		-3	75	201
95	1.0	32	32	1/2	1/2	3/4	1	1	1/4		1/4	1		-4	80	201
96	3.0	33	33	0	0	3/4	2	2	3/4		1/2	3/2		-2	46	209
97	1.0	33	33	1/4	1/4	3/4	2	1	1/4		1/4	1		-3	63	207
97	1.0	33	33	1/4	1/4	3/4	1	1	1/4		1/4	1		-4	68	205
97	1.0	33	33	1/4	1/4	3/4	1	1	1/4		1/4	1		0	72	205
98	1.0	33	33	1/2	1/2	3/4	2	1	1/4		1/4	1		2	62	208
98	1.0	33	33	1/2	1/2	3/4	1	1	1/4		1/4	1	1	-1	65	206
98	1.0	33	33	1/2	1/2	3/4	1	1	1/4		1/4	1	1	-4	68	206
99	1.0	34	34	0	0	3/4	2	1	1/4		1/4	1		0	60	213
99	1.0	34	34	0	0	3/4	1	1	1/4		1/4	1	-1	-1	65	210
99	1.0	34	34	0	0	3/4	1	1	1/4		1/4	1	-1	-4	68	210
100	1.0	34	34	1/4	1/4	3/4	2	1	1/4		1/4	1		-2	58	214
100	1.0	34	34	1/4	1/4	3/4	1	1	1/4		1/4	1		2	62	211
100	1.0	34	34	1/4	1/4	3/4	1	1	1/4		1/4	1		-1	65	211
101	1.0	34	34	1/2	1/2	3/4	2	1	1/4		1/4	1		-4	56	215
101	1.0	34	34	1/2	1/2	3/4	1	1	1/4		1/4	1		-2	58	212
101	1.0	34	34	1/2	1/2	3/4	1	1	1/4		1/4	1		2	62	212
102	1.0	35	35	0	0	3/4	2	1	1/4		1/4	1		-3	27	217
102	1.0	35	35	0	0	3/4	2	1	1/4		1/4	1		-3	39	217
103	1.0	35	35	1/4	1/4	3/4	2	1	1/4		1/4	1		-1	53	218
103	1.0	35	35	1/4	1/4	3/4	2	1	1/4		1/4	1		-2	58	218
103	1.0	35	35	1/4	1/4	3/4	2	1	1/4		1/4	1		-5	61	218
103	1.0	35	35	1/4	1/4	3/4	2	1	1/4		1/4	1		-1	65	218
104	1.0	35	35	1/2	1/2	3/4	2	1	1/4		1/4	1		1	55	219
104	1.0	35	35	1/2	1/2	3/4	2	1	1/4		1/4	1		-2	58	219
104	1.0	35	35	1/2	1/2	3/4	2	1	1/4		1/4	1		-5	61	219
104	1.0	35	35	1/2	1/2	3/4	2	1	1/4		1/4	1		1	67	219
104	1.0	35	35	1/2	1/2	3/4	1	1	1/4		1/4	1	1	1	79	216
105	1.0	36	36	0	0	3/4	2	1	1/4		1/4	1		-4	56	225
105	1.0	36	36	0	0	3/4	2	1	1/4		1/4	1		-5	61	225
105	1.0	36	36	0	0	3/4	2	1	1/4		1/4	1		-4	68	225
105	0.5	36	36	0	0	3/4	1	1	1/8		1/8	1	-1	1	79	220
211/2	0.5	36	36	1/8	1/8	3/4	1	1	1/8		1/8	1		-1	77	221
106	1.0	36	36	1/4	1/4	3/4	2	1	1/4		1/4	1		1	55	226
106	1.0	36	36	1/4	1/4	3/4	2	1	1/4		1/4	1		-5	61	226
106	1.0	36	36	1/4	1/4	3/4	2	1	1/4		1/4	1		1	67	226
106	0.5	36	36	1/4	1/4	3/4	1	1	1/8		1/8	1		-3	75	222
213/2	0.5	36	36	3/8	3/8	3/4	1	1	1/8		1/8	1		-5	73	223
107	1.0	36	36	1/2	1/2	3/4	2	1	1/4		1/4	1		-4	56	227
107	1.0	36	36	1/2	1/2	3/4	2	1	1/4		1/4	1		-5	61	227
107	1.0	36	36	1/2	1/2	3/4	1	1	1/4		1/4	1		-1	65	224
107	1.0	36	36	1/2	1/2	3/4	2	1	1/4		1/4	1		-4	68	227
108	1.0	37	37	0	0	3/4	2	1	1/4		1/4	1		3	57	229
108	1.0	37	37	0	0	3/4	2	1	1/4		1/4	1		-5	61	229
108	1.0	37	37	0	0	3/4	2	1	1/4		1/4	1		3	69	229
109	1.0	37	37	1/4	1/4	3/4	2	1	1/4		1/4	1		-4	56	230
109	1.0	37	37	1/4	1/4	3/4	2	1	1/4		1/4	1		-5	61	230
109	1.0	37	37	1/4	1/4	3/4	2	1	1/4		1/4	1		-4	68	230
110	1.0	37	37	1/2	1/2	3/4	2	1	1/4		1/4	1		3	57	231
110	1.0	37	37	1/2	1/2	3/4	2	1	1/4		1/4	1		-5	61	231
110	1.0	37	37	1/2	1/2	3/4	2	1	1/4		1/4	1		3	69	231
110	1.0	37	37	1/2	1/2	3/4	1	1	1/4		1/4	1	1	1	79	228
111	1.0	38	38	0	0	3/4	2	1	1/4		1/4	1		-2	58	237
111	1.0	38	38	0	0	3/4	2	1	1/4		1/4	1		-5	61	237
111	1.0	38	38	0	0	3/4	2	1	1/4		1/4	1		-2	70	237
111	0.5	38	38	0	0	3/4	1	1	1/8		1/8	1	-1	1	79	232
223/2	0.5	38	38	1/8	1/8	3/4	1	1	1/8		1/8	1		-1	77	233
112	1.0	38	38	1/4	1/4	3/4	2	1	1/4		1/4	1		3	57	238
112	1.0	38	38	1/4	1/4	3/4	2	1	1/4		1/4	1		-5	61	238
112	1.0	38	38	1/4	1/4	3/4	2	1	1/4		1/4	1		3	69	238
112	0.5	38	38	1/4	1/4	3/4	1	1	1/8		1/8	1		-3	75	234
225/2	0.5	38	38	3/8	3/8	3/4	1	1	1/8		1/8	1		-5	73	235
113	1.0	38	38	1/2	1/2	3/4	2	1	1/4		1/4	1		-2	58	239
113	1.0	38	38	1/2	1/2	3/4	2	1	1/4		1/4	1		-5	61	239
113	1.0	38	38	1/2	1/2	3/4	1	1	1/4		1/4	1		-1	65	236
113	1.0	38	38	1/2	1/2	3/4	2	1	1/4		1/4	1		-2	70	239
114	3.0	39	39	0	0	3/4	2	1	3/4		1/2	3/2		-4	32	243
114	3.0	39	39	0	0	3/4	2	1	3/4		1/2	3/2		-4	44	243
114	2.0	39	39	0	0	3/4	1	2	1/2		1/2	1		5	59	242
114	2.0	39	39	0	0	3/4	1	2	1/2		1/2	1		-3	63	242
114	2.0	39	39	0	0	3/4	1	2	1/2		1/2	1		5	71	242
115	1.0	39	39	1/4	1/4	3/4	1	1	1/4		1/4	1		1	79	240
116	1.0	39	39	1/2	1/2	3/4	2	2	1/4		1/4	1		0	60	244
116	1.0	39	39	1/2	1/2	3/4	2	2	1/4		1/4	1		-3	63	244
116	1.0	39	39	1/2	1/2	3/4	2	2	1/4		1/4	1		0	72	244
116	1.0	39	39	1/2	1/2	3/4	1	1	1/4		1/4	1	1	-4	80	241
117	1.0	40	40	0	0	3/4	2	1	1/4		1/4	1		-2	58	248
117	3.0	40	40	0	0	3/4	2	2	3/4		1/2	3/2		-3	63	251
117	1.0	40	40	0	0	3/4	2	1	1/4		1/4	1		-2	70	248
117	1.0	40	40	0	0	3/4	1	1	1/4		1/4	1	-1	-4	80	245
118	1.0	40	40	1/4	1/4	3/4	2	1	1/4		1/4	1		-4	56	249
118	1.0	40	40	1/4	1/4	3/4	2	1	1/4		1/4	1		-4	68	249
118	1.0	40	40	1/4	1/4	3/4	1	1	1/4		1/4	1		-3	75	246
119	1.0	40	40	1/2	1/2	3/4	2	1	1/4		1/4	1		1	55	250
119	1.0	40	40	1/2	1/2	3/4	2	1	1/4		1/4	1		1	67	250
119	1.0	40	40	1/2	1/2	3/4	1	1	1/4		1/4	1		0	72	247
120	3.0	41	41	0	0	3/4	2	1	3/4		1/2	3/2		-1	53	255
120	2.0	41	41	0	0	3/4	1	2	1/2		1/2	1		1	55	254
120	2.0	41	41	0	0	3/4	1	2	1/2		1/2	1		0	60	254
120	3.0	41	41	0	0	3/4	2	1	3/4		1/2	3/2		-1	65	255
120	2.0	41	41	0	0	3/4	1	2	1/2		1/2	1		1	67	254
121	1.0	41	41	1/4	1/4	3/4	1	1	1/4		1/4	1		4	76	252
122	1.0	41	41	1/2	1/2	3/4	2	2	1/4		1/4	1		-4	56	256
122	1.0	41	41	1/2	1/2	3/4	2	2	1/4		1/4	1		-4	68	256
122	1.0	41	41	1/2	1/2	3/4	1	1	1/4		1/4	1	1	-1	77	253
123	1.0	42	42	0	0	3/4	2	1	1/4		1/4	1		1	55	260
123	3.0	42	42	0	0	3/4	2	2	3/4		1/2	3/2		0	60	263
123	1.0	42	42	0	0	3/4	2	1	1/4		1/4	1		1	67	260
123	1.0	42	42	0	0	3/4	1	1	1/4		1/4	1	-1	-1	77	257
124	1.0	42	42	1/4	1/4	3/4	2	1	1/4		1/4	1		-1	53	261
124	1.0	42	42	1/4	1/4	3/4	2	1	1/4		1/4	1		-1	65	261
124	1.0	42	42	1/4	1/4	3/4	1	1	1/4		1/4	1		0	72	258
125	1.0	42	42	1/2	1/2	3/4	2	1	1/4		1/4	1		-3	51	262
125	1.0	42	42	1/2	1/2	3/4	2	1	1/4		1/4	1		-3	63	262
125	1.0	42	42	1/2	1/2	3/4	1	1	1/4		1/4	1		-4	68	259
126	3.0	43	43	0	0	3/4	2	1	3/4		1/2	3/2		-2	34	270
126	3.0	43	43	0	0	3/4	2	1	3/4		1/2	3/2		-1	41	270
126	3.0	43	43	0	0	3/4	1	2	3/4		1/2	3/2		2	50	265
126	3.0	43	43	0	0	3/4	1	2	3/4		1/2	3/2		-4	56	265
126	3.0	43	43	0	0	3/4	1	1	3/4		1/2	3/2		0	60	264
127	0.5	43	43	1/4	1/4	3/4	1	3	1/8		1/8	1		-4	68	266
255/2	0.5	43	43	3/8	3/8	3/4	1	3	1/8		1/8	1		0	72	267
128	0.5	43	43	1/2	1/2	3/4	1	3	1/8		1/8	1		-4	80	268
257/2	0.5	43	43	5/8	5/8	3/4	1	3	1/8		1/8	1		0	84	269
129	2.0	44	44	0	0	3/4	2	1	1/2		1/2	1		0	36	277
129	3.0	44	44	0	0	3/4	2	2	3/4		1/2	3/2	1	-2	46	279
129	2.0	44	44	0	0	3/4	1	3	1/2		1/2	1		-3	51	275
129	3.0	44	44	0	0	3/4	1	2	3/4		1/2	3/2		-4	56	274
129	1.0	44	44	0	0	3/4	1	1	1/4		1/4	1		0	60	271
130	1.0	44	44	1/4	1/4	3/4	1	1	1/4		1/4	1		-3	63	272
131	1.0	44	44	1/2	1/2	3/4	2	1	1/4		1/4	1		-5	37	278
131	1.0	44	44	1/2	1/2	3/4	1	3	1/4		1/4	1		4	52	276
131	1.0	44	44	1/2	1/2	3/4	1	1	1/4		1/4	1		0	60	273
132	3.0	45	45	0	0	3/4	2	1	3/4		1/2	3/2		2	38	286
132	3.0	45	45	0	0	3/4	2	2	3/4		1/2	3/2	-1	-2	46	287
132	3.0	45	45	0	0	3/4	1	2	3/4		1/2	3/2		-1	53	281
132	3.0	45	45	0	0	3/4	1	2	3/4		1/2	3/2		-4	56	281
132	3.0	45	45	0	0	3/4	1	1	3/4		1/2	3/2		0	60	280
133	0.5	45	45	1/4	1/4	3/4	1	3	1/8		1/8	1		-4	68	282
267/2	0.5	45	45	3/8	3/8	3/4	1	3	1/8		1/8	1		0	72	283
134	0.5	45	45	1/2	1/2	3/4	1	3	1/8		1/8	1		-4	80	284
269/2	0.5	45	45	5/8	5/8	3/4	1	3	1/8		1/8	1		0	84	285
135	1.0	46	46	0	0	3/4	2	1	1/4		1/4	1		-3	39	292
135	3.0	46	46	0	0	3/4	1	2	3/4		1/2	3/2		-3	51	291
135	3.0	46	46	0	0	3/4	1	2	3/4		1/2	3/2		-4	56	291
135	1.0	46	46	0	0	3/4	1	1	1/4		1/4	1		0	60	288
136	1.0	46	46	1/4	1/4	3/4	2	1	1/4		1/4	1		-1	41	293
136	1.0	46	46	1/4	1/4	3/4	1	1	1/4		1/4	1		-3	63	289
137	1.0	46	46	1/2	1/2	3/4	2	1	1/4		1/4	1		1	43	294
137	1.0	46	46	1/2	1/2	3/4	1	1	1/4		1/4	1		0	60	290
138	3.0	47	47	0	0	3/4	2	1	3/4		1/2	3/2		-4	44	300
138	3.0	47	47	0	0	3/4	1	1	3/4		1/2	3/2		0	60	295
138	3.0	47	47	0	0	3/4	1	1	3/4		1/2	3/2		1	67	295
139	0.5	47	47	1/4	1/4	3/4	1	2	1/8		1/8	1		-4	68	296
279/2	0.5	47	47	3/8	3/8	3/4	1	2	1/8		1/8	1		0	72	297
140	0.5	47	47	1/2	1/2	3/4	1	2	1/8		1/8	1		-4	80	298
281/2	0.5	47	47	5/8	5/8	3/4	1	2	1/8		1/8	1		0	84	299
141	3.0	48	48	0	0	3/4	2	1	3/4		1/2	3/2		-2	46	305
141	3.0	48	48	0	0	3/4	1	2	3/4		1/2	3/2		-4	56	304
141	3.0	48	48	0	0	3/4	1	2	3/4		1/2	3/2		0	60	304
141	1.0	48	48	0	0	3/4	1	1	1/4		1/4	1		2	62	301
142	1.0	48	48	1/4	1/4	3/4	1	1	1/4		1/4	1		-3	63	302
143	1.0	48	48	1/2	1/2	3/4	1	1	1/4		1/4	1		2	62	303
144	3.0	49	49	0	0	3/4	2	1	3/4		1/2	3/2		-4	44	311
144	3.0	49	49	0	0	3/4	1	1	3/4		1/2	3/2		0	60	306
144	3.0	49	49	0	0	3/4	1	1	3/4		1/2	3/2		1	67	306
145	0.5	49	49	1/4	1/4	3/4	1	2	1/8		1/8	1		-4	68	307
291/2	0.5	49	49	3/8	3/8	3/4	1	2	1/8		1/8	1		0	72	308
146	0.5	49	49	1/2	1/2	3/4	1	2	1/8		1/8	1		-4	80	309
293/2	0.5	49	49	5/8	5/8	3/4	1	2	1/8		1/8	1		0	84	310
147	2.0	50	50	0	0	3/4	2	1	1/2		1/2	1		-2	46	316
147	3.0	50	50	0	0	3/4	1	2	3/4		1/2	3/2		-4	56	315
147	3.0	50	50	0	0	3/4	1	2	3/4		1/2	3/2		0	60	315
147	1.0	50	50	0	0	3/4	1	1	1/4		1/4	1		2	62	312
148	1.0	50	50	1/4	1/4	3/4	1	1	1/4		1/4	1		-3	63	313
149	1.0	50	50	1/2	1/2	3/4	2	1	1/4		1/4	1		-4	44	317
149	1.0	50	50	1/2	1/2	3/4	1	1	1/4		1/4	1		2	62	314
150	3.0	51	51	0	0	3/4	2	1	3/4		1/2	3/2	1	1	43	323
150	3.0	51	51	0	0	3/4	2	1	3/4		1/2	3/2	1	2	50	323
150	3.0	51	51	0	0	3/4	1	1	3/4		1/2	3/2		0	60	318
150	3.0	51	51	0	0	3/4	1	1	3/4		1/2	3/2		1	67	318
151	0.5	51	51	1/4	1/4	3/4	1	2	1/8		1/8	1		2	62	319
303/2	0.5	51	51	3/8	3/8	3/4	1	2	1/8		1/8	1		1	67	320
152	0.5	51	51	1/2	1/2	3/4	1	2	1/8		1/8	1		1	79	321
305/2	0.5	51	51	5/8	5/8	3/4	1	2	1/8		1/8	1		0	72	322
153	3.0	52	52	0	0	3/4	2	1	3/4		1/2	3/2	0	1	43	330
153	3.0	52	52	0	0	3/4	2	1	3/4		1/2	3/2	0	2	50	330
153	0.5	52	52	0	0	3/4	1	1	1/8		1/8	1		2	74	324
307/2	0.5	52	52	1/8	1/8	3/4	1	1	1/8		1/8	1		1	79	325
154	0.5	52	52	1/4	1/4	3/4	1	1	1/8		1/8	1		1	91	326
309/2	0.5	52	52	3/8	3/8	3/4	1	1	1/8		1/8	1		0	84	327
155	0.5	52	52	1/2	1/2	3/4	1	1	1/8		1/8	1		2	86	328
311/2	0.5	52	52	5/8	5/8	3/4	1	1	1/8		1/8	1		1	91	329
156	3.0	53	53	0	0	3/4	2	1	3/4		1/2	3/2	0	1	43	337
156	3.0	53	53	0	0	3/4	2	1	3/4		1/2	3/2	0	2	50	337
156	0.5	53	53	0	0	3/4	1	1	1/8		1/8	1		1	91	331
313/2	0.5	53	53	1/8	1/8	3/4	1	1	1/8		1/8	1		0	84	332
157	0.5	53	53	1/4	1/4	3/4	1	1	1/8		1/8	1		2	74	333
315/2	0.5	53	53	3/8	3/8	3/4	1	1	1/8		1/8	1		1	79	334
158	0.5	53	53	1/2	1/2	3/4	1	1	1/8		1/8	1		1	91	335
317/2	0.5	53	53	5/8	5/8	3/4	1	1	1/8		1/8	1		0	84	336
159	2.0	54	54	0	0	3/4	2	1	1/2		1/2	1	-1	1	43	342
159	2.0	54	54	0	0	3/4	2	1	1/2		1/2	1	0	2	50	342
159	0.5	54	54	0	0	3/4	1	1	1/8		1/8	1		2	62	338
319/2	0.5	54	54	1/8	1/8	3/4	1	1	1/8		1/8	1		1	67	339
160	0.5	54	54	1/4	1/4	3/4	1	1	1/8		1/8	1		1	79	340
321/2	0.5	54	54	3/8	3/8	3/4	1	1	1/8		1/8	1		0	72	341
161	1.0	54	54	1/2	1/2	3/4	2	1	1/4		1/4	1	-1	2	50	343
162	3.0	55	55	0	0	3/4	2	1	3/4		1/2	3/2	1	1	43	349
162	3.0	55	55	0	0	3/4	2	1	3/4		1/2	3/2	1	2	50	349
162	3.0	55	55	0	0	3/4	1	1	3/4		1/2	3/2		5	59	344
162	3.0	55	55	0	0	3/4	1	1	3/4		1/2	3/2		1	67	344
163	0.5	55	55	1/4	1/4	3/4	1	2	1/8		1/8	1		2	62	345
327/2	0.5	55	55	3/8	3/8	3/4	1	2	1/8		1/8	1		1	67	346
164	0.5	55	55	1/2	1/2	3/4	1	2	1/8		1/8	1		1	79	347
329/2	0.5	55	55	5/8	5/8	3/4	1	2	1/8		1/8	1		2	74	348
165	3.0	56	56	0	0	3/4	2	1	3/4		1/2	3/2	0	1	43	356
165	3.0	56	56	0	0	3/4	2	1	3/4		1/2	3/2	0	2	50	356
165	0.5	56	56	0	0	3/4	1	1	1/8		1/8	1		2	74	350
331/2	0.5	56	56	1/8	1/8	3/4	1	1	1/8		1/8	1		1	79	351
166	0.5	56	56	1/4	1/4	3/4	1	1	1/8		1/8	1		1	91	352
333/2	0.5	56	56	3/8	3/8	3/4	1	1	1/8		1/8	1		5	83	353
167	0.5	56	56	1/2	1/2	3/4	1	1	1/8		1/8	1		2	86	354
335/2	0.5	56	56	5/8	5/8	3/4	1	1	1/8		1/8	1		1	91	355
168	3.0	57	57	0	0	3/4	2	1	3/4		1/2	3/2	0	1	43	363
168	3.0	57	57	0	0	3/4	2	1	3/4		1/2	3/2	0	2	50	363
168	0.5	57	57	0	0	3/4	1	1	1/8		1/8	1		1	91	357
337/2	0.5	57	57	1/8	1/8	3/4	1	1	1/8		1/8	1		5	83	358
169	0.5	57	57	1/4	1/4	3/4	1	1	1/8		1/8	1		2	74	359
339/2	0.5	57	57	3/8	3/8	3/4	1	1	1/8		1/8	1		1	79	360
170	0.5	57	57	1/2	1/2	3/4	1	1	1/8		1/8	1		1	91	361
341/2	0.5	57	57	5/8	5/8	3/4	1	1	1/8		1/8	1		5	83	362
171	3.0	58	58	0	0	3/4	2	1	3/4		1/2	3/2	-1	1	43	368
171	3.0	58	58	0	0	3/4	2	1	3/4		1/2	3/2	-1	2	50	368
171	0.5	58	58	0	0	3/4	1	1	1/8		1/8	1		2	62	364
343/2	0.5	58	58	1/8	1/8	3/4	1	1	1/8		1/8	1		1	67	365
172	0.5	58	58	1/4	1/4	3/4	1	1	1/8		1/8	1		1	79	366
345/2	0.5	58	58	3/8	3/8	3/4	1	1	1/8		1/8	1		5	71	367
173	0.5	58	58	1/2	1/2	3/4	2	2	1/8		1/8	1		2	62	369
347/2	0.5	58	58	5/8	5/8	3/4	2	2	1/8		1/8	1		5	59	370
174	3.0	59	59	0	0	3/4	2	2	3/4		1/2	3/2		-2	58	380
349/2	0.5	59	59	1/8	1/8	3/4	1	1	1/8		1/8	1		1	79	371
175	0.3333333333333333	59	59	1/4	1/4	3/4	2	1	1/12		1/8	2/3		-1	65	374
175	1.0	59	59	1/4	1/4	3/4	1	1	1/4		1/4	1		1	79	372
526/3	0.3333333333333333	59	59	1/3	1/3	3/4	2	1	1/12		1/8	2/3		-2	70	375
527/3	0.3333333333333333	59	59	5/12	5/12	3/4	2	1	1/12		1/8	2/3		-5	73	376
176	0.3333333333333333	59	59	1/2	1/2	3/4	2	1	1/12		1/8	2/3		4	64	377
176	1.0	59	59	1/2	1/2	3/4	1	1	1/4		1/4	1		-4	80	373
529/3	0.3333333333333333	59	59	7/12	7/12	3/4	2	1	1/12		1/8	2/3		-2	70	378
530/3	0.3333333333333333	59	59	2/3	2/3	3/4	2	1	1/12		1/8	2/3		-5	73	379
177	3.0	60	60	0	0	3/4	2	2	3/4		1/2	3/2		-2	58	390
355/2	0.5	60	60	1/8	1/8	3/4	1	1	1/8		1/8	1		-2	82	381
178	0.3333333333333333	60	60	1/4	1/4	3/4	2	1	1/12		1/8	2/3		-3	63	384
178	1.0	60	60	1/4	1/4	3/4	1	1	1/4		1/4	1		-2	82	382
535/3	0.3333333333333333	60	60	1/3	1/3	3/4	2	1	1/12		1/8	2/3		-2	70	385
536/3	0.3333333333333333	60	60	5/12	5/12	3/4	2	1	1/12		1/8	2/3		-5	73	386
179	0.3333333333333333	60	60	1/2	1/2	3/4	2	1	1/12		1/8	2/3		4	64	387
179	1.0	60	60	1/2	1/2	3/4	1	1	1/4		1/4	1		0	84	383
538/3	0.3333333333333333	60	60	7/12	7/12	3/4	2	1	1/12		1/8	2/3		-2	70	388
539/3	0.3333333333333333	60	60	2/3	2/3	3/4	2	1	1/12		1/8	2/3		-5	73	389
180	3.0	61	61	0	0	3/4	2	2	3/4		1/2	3/2		-2	58	402
361/2	0.5	61	61	1/8	1/8	3/4	1	1	1/8		1/8	1		1	79	391
181	0.3333333333333333	61	61	1/4	1/4	3/4	2	1	1/12		1/8	2/3		-1	65	396
181	0.5	61	61	1/4	1/4	3/4	1	1	1/8		1/8	1		1	79	392
544/3	0.3333333333333333	61	61	1/3	1/3	3/4	2	1	1/12		1/8	2/3		-2	70	397
363/2	0.5	61	61	3/8	3/8	3/4	1	1	1/8		1/8	1		-4	80	393
545/3	0.3333333333333333	61	61	5/12	5/12	3/4	2	1	1/12		1/8	2/3		-5	73	398
182	0.3333333333333333	61	61	1/2	1/2	3/4	2	1	1/12		1/8	2/3		4	64	399
182	0.5	61	61	1/2	1/2	3/4	1	1	1/8		1/8	1		-2	82	394
547/3	0.3333333333333333	61	61	7/12	7/12	3/4	2	1	1/12		1/8	2/3		-2	70	400
365/2	0.5	61	61	5/8	5/8	3/4	1	1	1/8		1/8	1		0	84	395
548/3	0.3333333333333333	61	61	2/3	2/3	3/4	2	1	1/12		1/8	2/3		-5	73	401
183	3.0	62	62	0	0	3/4	2	2	3/4		1/2	3/2		-2	58	410
183	3.0	62	62	0	0	3/4	1	1	3/4		1/2	3/2		1	79	403
184	0.3333333333333333	62	62	1/4	1/4	3/4	2	1	1/12		1/8	2/3		-3	63	404
553/3	0.3333333333333333	62	62	1/3	1/3	3/4	2	1	1/12		1/8	2/3		-2	70	405
554/3	0.3333333333333333	62	62	5/12	5/12	3/4	2	1	1/12		1/8	2/3		-5	73	406
185	0.3333333333333333	62	62	1/2	1/2	3/4	2	1	1/12		1/8	2/3		4	64	407
556/3	0.3333333333333333	62	62	7/12	7/12	3/4	2	1	1/12		1/8	2/3		-2	70	408
557/3	0.3333333333333333	62	62	2/3	2/3	3/4	2	1	1/12		1/8	2/3		-5	73	409
186	2.0	63	63	0	0	3/4	2	2	1/2		1/2	1		-4	56	418
373/2	0.5	63	63	1/8	1/8	3/4	1	1	1/8		1/8	1		1	79	411
187	0.3333333333333333	63	63	1/4	1/4	3/4	2	1	1/12		1/8	2/3		0	60	415
187	0.5	63	63	1/4	1/4	3/4	1	1	1/8		1/8	1		-4	80	412
562/3	0.3333333333333333	63	63	1/3	1/3	3/4	2	1	1/12		1/8	2/3		-1	65	416
375/2	0.5	63	63	3/8	3/8	3/4	1	1	1/8		1/8	1		-1	77	413
563/3	0.3333333333333333	63	63	5/12	5/12	3/4	2	1	1/12		1/8	2/3		-4	68	417
188	1.0	63	63	1/2	1/2	3/4	2	2	1/4		1/4	1		1	55	419
188	1.0	63	63	1/2	1/2	3/4	1	1	1/4		1/4	1	1	0	72	414
189	2.0	64	64	0	0	3/4	2	2	1/2		1/2	1		-1	53	426
189	0.5	64	64	0	0	3/4	1	1	1/8		1/8	1	-1	0	72	420
379/2	0.5	64	64	1/8	1/8	3/4	1	1	1/8		1/8	1		-1	77	421
190	0.3333333333333333	64	64	1/4	1/4	3/4	2	1	1/12		1/8	2/3		-4	56	423
190	2.0	64	64	1/4	1/4	3/4	1	1	1/2		1/2	1	1	0	84	422
571/3	0.3333333333333333	64	64	1/3	1/3	3/4	2	1	1/12		1/8	2/3		0	60	424
572/3	0.3333333333333333	64	64	5/12	5/12	3/4	2	1	1/12		1/8	2/3		-4	68	425
191	1.0	64	64	1/2	1/2	3/4	2	2	1/4		1/4	1		-3	51	427
192	2.0	65	65	0	0	3/4	2	2	1/2		1/2	1		2	50	437
192	0.5	65	65	0	0	3/4	1	1	1/8		1/8	1	-1	0	84	428
385/2	0.5	65	65	1/8	1/8	3/4	1	1	1/8		1/8	1		-1	77	429
193	0.3333333333333333	65	65	1/4	1/4	3/4	2	1	1/12		1/8	2/3		-4	56	434
193	0.5	65	65	1/4	1/4	3/4	1	1	1/8		1/8	1		0	72	430
580/3	0.3333333333333333	65	65	1/3	1/3	3/4	2	1	1/12		1/8	2/3		0	60	435
387/2	0.5	65	65	3/8	3/8	3/4	1	1	1/8		1/8	1		-1	77	431
581/3	0.3333333333333333	65	65	5/12	5/12	3/4	2	1	1/12		1/8	2/3		-1	65	436
194	1.0	65	65	1/2	1/2	3/4	2	2	1/4		1/4	1		-4	44	438
194	0.5	65	65	1/2	1/2	3/4	1	1	1/8		1/8	1		0	84	432
389/2	0.5	65	65	5/8	5/8	3/4	1	1	1/8		1/8	1		-1	89	433
195	3.0	66	66	0	0	3/4	2	2	3/4		1/2	3/2		-5	37	448
195	3.0	66	66	0	0	3/4	2	2	3/4		1/2	3/2		-4	44	448
195	0.3333333333333333	66	66	0	0	3/4	1	1	1/12		1/8	2/3		-1	89	439
195	0.3333333333333333	66	66	0	0	3/4	1	1	1/12		1/8	2/3		-4	92	439
586/3	0.3333333333333333	66	66	1/12	1/12	3/4	1	1	1/12		1/8	2/3		-5	85	440
587/3	0.3333333333333333	66	66	1/6	1/6	3/4	1	1	1/12		1/8	2/3		-4	80	441
196	0.3333333333333333	66	66	1/4	1/4	3/4	2	1	1/12		1/8	2/3		-5	73	445
196	0.3333333333333333	66	66	1/4	1/4	3/4	2	1	1/12		1/8	2/3		-1	77	445
589/3	0.3333333333333333	66	66	1/3	1/3	3/4	2	1	1/12		1/8	2/3		-4	68	446
590/3	0.3333333333333333	66	66	5/12	5/12	3/4	2	1	1/12		1/8	2/3		-1	65	447
197	0.3333333333333333	66	66	1/2	1/2	3/4	1	1	1/12		1/8	2/3		-1	77	442
197	0.3333333333333333	66	66	1/2	1/2	3/4	1	1	1/12		1/8	2/3		-4	80	442
592/3	0.3333333333333333	66	66	7/12	7/12	3/4	1	1	1/12		1/8	2/3		-5	73	443
593/3	0.3333333333333333	66	66	2/3	2/3	3/4	1	1	1/12		1/8	2/3		-4	68	444
198	0.3333333333333333	67	67	0	0	3/4	2	1	1/12		1/8	2/3		-5	61	452
198	0.3333333333333333	67	67	0	0	3/4	2	1	1/12		1/8	2/3		-1	65	452
595/3	0.3333333333333333	67	67	1/12	1/12	3/4	2	1	1/12		1/8	2/3		-4	56	453
596/3	0.3333333333333333	67	67	1/6	1/6	3/4	2	1	1/12		1/8	2/3		-1	53	454
199	0.3333333333333333	67	67	1/4	1/4	3/4	1	1	1/12		1/8	2/3		-1	89	449
199	0.3333333333333333	67	67	1/4	1/4	3/4	1	1	1/12		1/8	2/3		-4	92	449
598/3	0.3333333333333333	67	67	1/3	1/3	3/4	1	1	1/12		1/8	2/3		-5	85	450
599/3	0.3333333333333333	67	67	5/12	5/12	3/4	1	1	1/12		1/8	2/3		-4	80	451
200	0.3333333333333333	67	67	1/2	1/2	3/4	2	1	1/12		1/8	2/3		-5	73	455
200	0.3333333333333333	67	67	1/2	1/2	3/4	2	1	1/12		1/8	2/3		-1	77	455
601/3	0.3333333333333333	67	67	7/12	7/12	3/4	2	1	1/12		1/8	2/3		-4	68	456
602/3	0.3333333333333333	67	67	2/3	2/3	3/4	2	1	1/12		1/8	2/3		-1	65	457
201	0.3333333333333333	68	68	0	0	3/4	1	2	1/12		1/8	2/3		-1	77	460
201	0.3333333333333333	68	68	0	0	3/4	1	2	1/12		1/8	2/3		-4	80	460
604/3	0.3333333333333333	68	68	1/12	1/12	3/4	1	2	1/12		1/8	2/3		-5	73	461
605/3	0.3333333333333333	68	68	1/6	1/6	3/4	1	2	1/12		1/8	2/3		-4	68	462
202	2.0	68	68	1/4	1/4	3/4	2	2	1/2		1/2	1	1	-4	56	471
202	1.0	68	68	1/4	1/4	3/4	2	1	1/4		1/4	1		-3	63	469
202	0.3333333333333333	68	68	1/4	1/4	3/4	1	2	1/12		1/8	2/3		-3	75	463
202	1.0	68	68	1/4	1/4	3/4	1	1	1/4		1/4	1		1	79	458
607/3	0.3333333333333333	68	68	1/3	1/3	3/4	1	2	1/12		1/8	2/3		-2	70	464
608/3	0.3333333333333333	68	68	5/12	5/12	3/4	1	2	1/12		1/8	2/3		1	67	465
203	1.0	68	68	1/2	1/2	3/4	2	1	1/4		1/4	1		-1	65	470
203	0.3333333333333333	68	68	1/2	1/2	3/4	1	2	1/12		1/8	2/3		-1	77	466
203	1.0	68	68	1/2	1/2	3/4	1	1	1/4		1/4	1		-4	80	459
610/3	0.3333333333333333	68	68	7/12	7/12	3/4	1	2	1/12		1/8	2/3		-5	73	467
611/3	0.3333333333333333	68	68	2/3	2/3	3/4	1	2	1/12		1/8	2/3		-4	68	468
204	2.0	69	69	0	0	3/4	2	2	1/2		1/2	1	-1	-4	56	485
204	1.0	69	69	0	0	3/4	2	1	1/4		1/4	1		-3	63	482
204	0.3333333333333333	69	69	0	0	3/4	1	2	1/12		1/8	2/3		-3	75	476
204	1.0	69	69	0	0	3/4	1	1	1/4		1/4	1		1	79	472
613/3	0.3333333333333333	69	69	1/12	1/12	3/4	1	2	1/12		1/8	2/3		-2	70	477
614/3	0.3333333333333333	69	69	1/6	1/6	3/4	1	2	1/12		1/8	2/3		1	67	478
205	1.0	69	69	1/4	1/4	3/4	2	1	1/4		1/4	1		-5	61	483
205	0.3333333333333333	69	69	1/4	1/4	3/4	1	2	1/12		1/8	2/3		-5	73	479
205	1.0	69	69	1/4	1/4	3/4	1	1	1/4		1/4	1		-1	77	473
616/3	0.3333333333333333	69	69	1/3	1/3	3/4	1	2	1/12		1/8	2/3		-4	68	480
617/3	0.3333333333333333	69	69	5/12	5/12	3/4	1	2	1/12		1/8	2/3		-1	65	481
206	1.0	69	69	1/2	1/2	3/4	2	1	1/4		1/4	1	1	-4	44	484
206	1.0	69	69	1/2	1/2	3/4	2	2	1/4		1/4	1		-4	44	486
206	0.5	69	69	1/2	1/2	3/4	1	1	1/8		1/8	1		-3	75	474
206	0.5	69	69	1/2	1/2	3/4	1	1	1/8		1/8	1		1	79	474
413/2	0.5	69	69	5/8	5/8	3/4	1	1	1/8		1/8	1		-1	77	475
413/2	0.5	69	69	5/8	5/8	3/4	1	1	1/8		1/8	1		-4	80	475
207	3.0	70	70	0	0	3/4	2	2	3/4		1/2	3/2		-5	37	494
207	3.0	70	70	0	0	3/4	2	2	3/4		1/2	3/2	-1	-4	44	494
207	1.0	70	70	0	0	3/4	1	1	1/4		1/4	1		1	79	487
207	1.0	70	70	0	0	3/4	1	1	1/4		1/4	1		-2	82	487
208	0.3333333333333333	70	70	1/4	1/4	3/4	1	1	1/12		1/8	2/3		-1	77	488
208	0.3333333333333333	70	70	1/4	1/4	3/4	1	1	1/12		1/8	2/3		-4	80	488
625/3	0.3333333333333333	70	70	1/3	1/3	3/4	1	1	1/12		1/8	2/3		-5	73	489
626/3	0.3333333333333333	70	70	5/12	5/12	3/4	1	1	1/12		1/8	2/3		-4	68	490
209	0.3333333333333333	70	70	1/2	1/2	3/4	2	1	1/12		1/8	2/3		-5	61	491
209	0.3333333333333333	70	70	1/2	1/2	3/4	2	1	1/12		1/8	2/3		-1	65	491
628/3	0.3333333333333333	70	70	7/12	7/12	3/4	2	1	1/12		1/8	2/3		-4	56	492
629/3	0.3333333333333333	70	70	2/3	2/3	3/4	2	1	1/12		1/8	2/3		-1	53	493
210	0.3333333333333333	71	71	0	0	3/4	1	1	1/12		1/8	2/3		-1	89	495
210	0.3333333333333333	71	71	0	0	3/4	1	1	1/12		1/8	2/3		-4	92	495
631/3	0.3333333333333333	71	71	1/12	1/12	3/4	1	1	1/12		1/8	2/3		-5	85	496
632/3	0.3333333333333333	71	71	1/6	1/6	3/4	1	1	1/12		1/8	2/3		-4	80	497
211	0.3333333333333333	71	71	1/4	1/4	3/4	2	1	1/12		1/8	2/3		-5	73	502
211	0.3333333333333333	71	71	1/4	1/4	3/4	2	1	1/12		1/8	2/3		-1	77	502
634/3	0.3333333333333333	71	71	1/3	1/3	3/4	2	1	1/12		1/8	2/3		-4	68	503
635/3	0.3333333333333333	71	71	5/12	5/12	3/4	2	1	1/12		1/8	2/3		-1	65	504
212	0.3333333333333333	71	71	1/2	1/2	3/4	1	1	1/12		1/8	2/3	1	-1	77	498
212	1.0	71	71	1/2	1/2	3/4	1	2	1/4		1/4	1	1	-4	80	501
637/3	0.3333333333333333	71	71	7/12	7/12	3/4	1	1	1/12		1/8	2/3		-5	73	499
638/3	0.3333333333333333	71	71	2/3	2/3	3/4	1	1	1/12		1/8	2/3		-4	68	500
213	0.3333333333333333	72	72	0	0	3/4	2	1	1/12		1/8	2/3		-5	61	514
213	0.3333333333333333	72	72	0	0	3/4	2	1	1/12		1/8	2/3		-1	65	514
213	1.0	72	72	0	0	3/4	1	1	1/4		1/4	1	-1	-1	77	505
213	1.0	72	72	0	0	3/4	1	1	1/4		1/4	1	-1	-4	80	505
640/3	0.3333333333333333	72	72	1/12	1/12	3/4	2	1	1/12		1/8	2/3		-4	56	515
641/3	0.3333333333333333	72	72	1/6	1/6	3/4	2	1	1/12		1/8	2/3		-1	53	516
214	1.0	72	72	1/4	1/4	3/4	2	1	1/4		1/4	1		-3	63	517
214	0.3333333333333333	72	72	1/4	1/4	3/4	1	2	1/12		1/8	2/3		-3	75	508
214	1.0	72	72	1/4	1/4	3/4	1	1	1/4		1/4	1		1	79	506
643/3	0.3333333333333333	72	72	1/3	1/3	3/4	1	2	1/12		1/8	2/3		-2	70	509
644/3	0.3333333333333333	72	72	5/12	5/12	3/4	1	2	1/12		1/8	2/3		1	67	510
215	1.0	72	72	1/2	1/2	3/4	2	1	1/4		1/4	1		-1	65	518
215	0.3333333333333333	72	72	1/2	1/2	3/4	1	2	1/12		1/8	2/3		-1	77	511
215	1.0	72	72	1/2	1/2	3/4	1	1	1/4		1/4	1		-4	80	507
646/3	0.3333333333333333	72	72	7/12	7/12	3/4	1	2	1/12		1/8	2/3		-5	73	512
647/3	0.3333333333333333	72	72	2/3	2/3	3/4	1	2	1/12		1/8	2/3		-4	68	513
216	1.0	73	73	0	0	3/4	2	1	1/4		1/4	1		-3	63	531
216	0.3333333333333333	73	73	0	0	3/4	1	2	1/12		1/8	2/3		-3	75	523
216	1.0	73	73	0	0	3/4	1	1	1/4		1/4	1		1	79	519
649/3	0.3333333333333333	73	73	1/12	1/12	3/4	1	2	1/12		1/8	2/3		-2	70	524
650/3	0.3333333333333333	73	73	1/6	1/6	3/4	1	2	1/12		1/8	2/3		1	67	525
217	1.0	73	73	1/4	1/4	3/4	2	1	1/4		1/4	1		-5	61	532
217	0.3333333333333333	73	73	1/4	1/4	3/4	1	2	1/12		1/8	2/3		-5	73	526
217	1.0	73	73	1/4	1/4	3/4	1	1	1/4		1/4	1		-1	77	520
652/3	0.3333333333333333	73	73	1/3	1/3	3/4	1	2	1/12		1/8	2/3	1	-4	68	527
652/3	0.6666666666666666	73	73	1/3	1/3	3/4	1	3	1/6		1/4	2/3		-4	68	530
653/3	0.3333333333333333	73	73	5/12	5/12	3/4	1	2	1/12		1/8	2/3	1	-1	65	528
218	1.0	73	73	1/2	1/2	3/4	2	1	1/4		1/4	1		-4	56	533
218	1.0	73	73	1/2	1/2	3/4	1	2	1/4		1/4	1	-1	-1	65	529
218	1.0	73	73	1/2	1/2	3/4	1	2	1/4		1/4	1	-1	-4	68	529
218	0.5	73	73	1/2	1/2	3/4	1	1	1/8		1/8	1		-3	75	521
437/2	0.5	73	73	5/8	5/8	3/4	1	1	1/8		1/8	1		-1	77	522
219	0.3333333333333333	74	74	0	0	3/4	2	1	1/12		1/8	2/3		-1	41	540
219	1.0	74	74	0	0	3/4	1	2	1/4		1/4	1		-1	65	537
219	2.0	74	74	0	0	3/4	1	1	1/2		1/2	1		-4	68	534
219	2.0	74	74	0	0	3/4	1	1	1/2		1/2	1		0	72	534
658/3	0.3333333333333333	74	74	1/12	1/12	3/4	2	1	1/12		1/8	2/3		0	48	541
659/3	0.3333333333333333	74	74	1/6	1/6	3/4	2	1	1/12		1/8	2/3		-1	41	542
220	0.3333333333333333	74	74	1/4	1/4	3/4	2	1	1/12		1/8	2/3		0	48	543
220	1.0	74	74	1/4	1/4	3/4	1	2	1/4		1/4	1		4	64	538
661/3	0.3333333333333333	74	74	1/3	1/3	3/4	2	1	1/12		1/8	2/3		-1	41	544
662/3	0.3333333333333333	74	74	5/12	5/12	3/4	2	1	1/12		1/8	2/3		0	48	545
221	0.3333333333333333	74	74	1/2	1/2	3/4	2	1	1/12		1/8	2/3		-1	41	546
221	1.0	74	74	1/2	1/2	3/4	1	2	1/4		1/4	1		-3	63	539
221	0.5	74	74	1/2	1/2	3/4	1	1	1/8		1/8	1		-1	65	535
221	0.5	74	74	1/2	1/2	3/4	1	1	1/8		1/8	1		-4	68	535
664/3	0.3333333333333333	74	74	7/12	7/12	3/4	2	1	1/12		1/8	2/3		0	48	547
443/2	0.5	74	74	5/8	5/8	3/4	1	1	1/8		1/8	1		1	67	536
443/2	0.5	74	74	5/8	5/8	3/4	1	1	1/8		1/8	1		-2	70	536
665/3	0.3333333333333333	74	74	2/3	2/3	3/4	2	1	1/12		1/8	2/3		-1	41	548
222	0.5	75	75	0	0	3/4	2	1	1/8		1/8	1		-2	34	561
222	0.3333333333333333	75	75	0	0	3/4	1	2	1/12		1/8	2/3		0	72	552
222	1.0	75	75	0	0	3/4	1	1	1/4		1/4	1		0	72	549
667/3	0.3333333333333333	75	75	1/12	1/12	3/4	1	2	1/12		1/8	2/3		-4	68	553
445/2	0.5	75	75	1/8	1/8	3/4	2	1	1/8		1/8	1		-2	46	562
668/3	0.3333333333333333	75	75	1/6	1/6	3/4	1	2	1/12		1/8	2/3		2	62	554
223	0.5	75	75	1/4	1/4	3/4	2	1	1/8		1/8	1		-1	53	563
223	0.3333333333333333	75	75	1/4	1/4	3/4	1	2	1/12		1/8	2/3		-1	77	555
223	1.0	75	75	1/4	1/4	3/4	1	1	1/4		1/4	1		-1	77	550
670/3	0.3333333333333333	75	75	1/3	1/3	3/4	1	2	1/12		1/8	2/3		0	72	556
447/2	0.5	75	75	3/8	3/8	3/4	2	1	1/8		1/8	1		-4	56	564
671/3	0.3333333333333333	75	75	5/12	5/12	3/4	1	2	1/12		1/8	2/3		-4	68	557
224	0.5	75	75	1/2	1/2	3/4	2	1	1/8		1/8	1		-2	58	565
224	0.3333333333333333	75	75	1/2	1/2	3/4	1	2	1/12		1/8	2/3		-4	80	558
224	1.0	75	75	1/2	1/2	3/4	1	1	1/4		1/4	1		-4	80	551
673/3	0.3333333333333333	75	75	7/12	7/12	3/4	1	2	1/12		1/8	2/3		-1	77	559
449/2	0.5	75	75	5/8	5/8	3/4	2	1	1/8		1/8	1		0	60	566
674/3	0.3333333333333333	75	75	2/3	2/3	3/4	1	2	1/12		1/8	2/3		0	72	560
225	0.3333333333333333	76	76	0	0	3/4	2	2	1/12		1/8	2/3		1	67	573
225	1.0	76	76	0	0	3/4	2	1	1/4		1/4	1		1	67	570
676/3	0.3333333333333333	76	76	1/12	1/12	3/4	2	2	1/12		1/8	2/3		0	60	574
677/3	0.3333333333333333	76	76	1/6	1/6	3/4	2	2	1/12		1/8	2/3		-4	56	575
226	0.3333333333333333	76	76	1/4	1/4	3/4	2	2	1/12		1/8	2/3		-1	65	576
226	1.0	76	76	1/4	1/4	3/4	2	1	1/4		1/4	1		-1	65	571
226	1.0	76	76	1/4	1/4	3/4	1	1	1/4		1/4	1		-4	68	567
226	1.0	76	76	1/4	1/4	3/4	1	1	1/4		1/4	1		0	72	567
679/3	0.3333333333333333	76	76	1/3	1/3	3/4	2	2	1/12		1/8	2/3		0	60	577
680/3	0.3333333333333333	76	76	5/12	5/12	3/4	2	2	1/12		1/8	2/3		-4	56	578
227	0.3333333333333333	76	76	1/2	1/2	3/4	2	2	1/12		1/8	2/3		4	64	579
227	1.0	76	76	1/2	1/2	3/4	2	1	1/4		1/4	1		4	64	572
227	0.5	76	76	1/2	1/2	3/4	1	1	1/8		1/8	1		-1	65	568
227	0.5	76	76	1/2	1/2	3/4	1	1	1/8		1/8	1		-4	68	568
682/3	0.3333333333333333	76	76	7/12	7/12	3/4	2	2	1/12		1/8	2/3		0	60	580
455/2	0.5	76	76	5/8	5/8	3/4	1	1	1/8		1/8	1		1	67	569
455/2	0.5	76	76	5/8	5/8	3/4	1	1	1/8		1/8	1		-2	70	569
683/3	0.3333333333333333	76	76	2/3	2/3	3/4	2	2	1/12		1/8	2/3		-4	56	581
228	0.3333333333333333	77	77	0	0	3/4	2	2	1/12		1/8	2/3		-3	63	588
228	1.0	77	77	0	0	3/4	2	1	1/4		1/4	1		-3	63	586
228	3.0	77	77	0	0	3/4	1	2	3/4		1/2	3/2		-4	68	585
228	1.0	77	77	0	0	3/4	1	1	1/4		1/4	1		0	72	582
228	3.0	77	77	0	0	3/4	1	2	3/4		1/2	3/2		0	72	585
685/3	0.3333333333333333	77	77	1/12	1/12	3/4	2	2	1/12		1/8	2/3		-4	56	589
686/3	0.3333333333333333	77	77	1/6	1/6	3/4	2	2	1/12		1/8	2/3		-1	53	590
229	0.3333333333333333	77	77	1/4	1/4	3/4	2	2	1/12		1/8	2/3		2	62	591
229	1.0	77	77	1/4	1/4	3/4	2	1	1/4		1/4	1		2	62	587
229	1.0	77	77	1/4	1/4	3/4	1	1	1/4		1/4	1		-1	77	583
688/3	0.3333333333333333	77	77	1/3	1/3	3/4	2	2	1/12		1/8	2/3		-4	56	592
689/3	0.3333333333333333	77	77	5/12	5/12	3/4	2	2	1/12		1/8	2/3		-1	53	593
230	0.3333333333333333	77	77	1/2	1/2	3/4	2	2	1/12		1/8	2/3		-2	46	594
230	1.0	77	77	1/2	1/2	3/4	1	1	1/4		1/4	1		-4	80	584
691/3	0.3333333333333333	77	77	7/12	7/12	3/4	2	2	1/12		1/8	2/3		-1	53	595
692/3	0.3333333333333333	77	77	2/3	2/3	3/4	2	2	1/12		1/8	2/3		-2	46	596
231	1.0	78	78	0	0	3/4	2	1	1/4		1/4	1		-3	27	600
231	1.0	78	78	0	0	3/4	2	1	1/4		1/4	1		-3	39	600
232	1.0	78	78	1/4	1/4	3/4	2	1	1/4		1/4	1		-5	61	601
232	1.0	78	78	1/4	1/4	3/4	2	1	1/4		1/4	1		4	64	601
232	1.0	78	78	1/4	1/4	3/4	2	1	1/4		1/4	1		1	67	601
232	1.0	78	78	1/4	1/4	3/4	1	1	1/4		1/4	1		0	72	597
232	2.0	78	78	1/4	1/4	3/4	1	2	1/2		1/2	1		-3	75	599
232	2.0	78	78	1/4	1/4	3/4	1	2	1/2		1/2	1		1	79	599
232	1.0	78	78	1/4	1/4	3/4	1	1	1/4		1/4	1		0	84	597
233	1.0	78	78	1/2	1/2	3/4	2	1	1/4		1/4	1		-3	27	602
233	1.0	78	78	1/2	1/2	3/4	2	1	1/4		1/4	1		-3	39	602
233	1.0	78	78	1/2	1/2	3/4	1	1	1/4		1/4	1		-2	70	598
233	1.0	78	78	1/2	1/2	3/4	1	1	1/4		1/4	1		-2	82	598
234	1.0	79	79	0	0	3/4	2	1	1/4		1/4	1		-1	29	608
234	1.0	79	79	0	0	3/4	2	1	1/4		1/4	1		-1	41	608
234	1.0	79	79	0	0	3/4	1	1	1/4		1/4	1		-4	68	603
234	1.0	79	79	0	0	3/4	1	1	1/4		1/4	1		-5	73	603
234	1.0	79	79	0	0	3/4	1	1	1/4		1/4	1		-4	80	603
235	1.0	79	79	1/4	1/4	3/4	2	1	1/4		1/4	1		-4	56	609
235	1.0	79	79	1/4	1/4	3/4	2	1	1/4		1/4	1		-5	61	609
235	0.5	79	79	1/4	1/4	3/4	1	1	1/8		1/8	1		1	67	604
235	2.0	79	79	1/4	1/4	3/4	1	2	1/2		1/2	1		-5	73	607
235	0.5	79	79	1/4	1/4	3/4	1	1	1/8		1/8	1		1	79	604
471/2	0.5	79	79	3/8	3/8	3/4	1	1	1/8		1/8	1		-4	68	605
471/2	0.5	79	79	3/8	3/8	3/4	1	1	1/8		1/8	1		-4	80	605
236	1.0	79	79	1/2	1/2	3/4	2	1	1/4		1/4	1		-1	29	610
236	1.0	79	79	1/2	1/2	3/4	2	1	1/4		1/4	1		-1	41	610
236	1.0	79	79	1/2	1/2	3/4	1	1	1/4		1/4	1	1	-1	65	606
236	1.0	79	79	1/2	1/2	3/4	1	1	1/4		1/4	1	1	-1	77	606
237	1.0	80	80	0	0	3/4	2	1	1/4		1/4	1		1	31	617
237	1.0	80	80	0	0	3/4	2	1	1/4		1/4	1		1	43	617
237	0.5	80	80	0	0	3/4	1	1	1/8		1/8	1	-1	-1	65	611
237	2.0	80	80	0	0	3/4	1	2	1/2		1/2	1		-2	70	616
237	2.0	80	80	0	0	3/4	1	2	1/2		1/2	1		-5	73	616
237	0.5	80	80	0	0	3/4	1	1	1/8		1/8	1	-1	-1	77	611
475/2	0.5	80	80	1/8	1/8	3/4	1	1	1/8		1/8	1		1	67	612
475/2	0.5	80	80	1/8	1/8	3/4	1	1	1/8		1/8	1		1	79	612
238	1.0	80	80	1/4	1/4	3/4	2	1	1/4		1/4	1		-3	51	618
238	1.0	80	80	1/4	1/4	3/4	2	1	1/4		1/4	1		-2	58	618
238	1.0	80	80	1/4	1/4	3/4	2	1	1/4		1/4	1		-5	61	618
238	1.0	80	80	1/4	1/4	3/4	1	1	1/4		1/4	1		-3	63	613
238	1.0	80	80	1/4	1/4	3/4	1	1	1/4		1/4	1		-3	75	613
239	1.0	80	80	1/2	1/2	3/4	2	1	1/4		1/4	1		-3	27	619
239	1.0	80	80	1/2	1/2	3/4	2	1	1/4		1/4	1		-3	39	619
239	0.5	80	80	1/2	1/2	3/4	1	1	1/8		1/8	1		-2	58	614
239	0.5	80	80	1/2	1/2	3/4	1	1	1/8		1/8	1		1	67	614
239	0.5	80	80	1/2	1/2	3/4	1	1	1/8		1/8	1		-2	70	614
479/2	0.5	80	80	5/8	5/8	3/4	1	1	1/8		1/8	1		-5	61	615
479/2	0.5	80	80	5/8	5/8	3/4	1	1	1/8		1/8	1		-5	73	615
240	3.0	81	81	0	0	3/4	2	2	3/4		1/2	3/2		-5	25	626
240	3.0	81	81	0	0	3/4	2	2	3/4		1/2	3/2		-5	37	626
240	3.0	81	81	0	0	3/4	1	2	3/4		1/2	3/2		-1	65	623
240	1.0	81	81	0	0	3/4	1	1	1/4		1/4	1		-5	73	620
240	3.0	81	81	0	0	3/4	1	2	3/4		1/2	3/2		-1	77	623
241	1.5	81	81	1/4	1/4	3/4	2	1	3/8		1/4	3/2		0	60	624
241	1.5	81	81	1/4	1/4	3/4	1	1	3/8		1/4	3/2		0	72	621
485/2	0.5	81	81	5/8	5/8	3/4	2	1	1/8		1/8	1		-4	56	625
485/2	0.5	81	81	5/8	5/8	3/4	1	1	1/8		1/8	1		-4	68	622
243	0.5	82	82	0	0	3/4	2	1	1/8		1/8	1		-2	58	633
243	3.0	82	82	0	0	3/4	1	1	3/4		1/2	3/2		4	64	627
243	0.5	82	82	0	0	3/4	1	2	1/8		1/8	1		-2	70	628
243	3.0	82	82	0	0	3/4	1	1	3/4		1/2	3/2		4	76	627
487/2	0.5	82	82	1/8	1/8	3/4	2	1	1/8		1/8	1		0	60	634
487/2	0.5	82	82	1/8	1/8	3/4	1	2	1/8		1/8	1		0	72	629
244	1.0	82	82	1/4	1/4	3/4	2	1	1/4		1/4	1		1	55	635
244	1.0	82	82	1/4	1/4	3/4	1	2	1/4		1/4	1		1	67	630
245	1.0	82	82	1/2	1/2	3/4	2	1	1/4		1/4	1		-2	58	636
245	0.5	82	82	1/2	1/2	3/4	1	2	1/8		1/8	1		-2	70	631
491/2	0.5	82	82	5/8	5/8	3/4	1	2	1/8		1/8	1		0	72	632
246	1.0	83	83	0	0	3/4	2	1	1/4		1/4	1		-5	37	640
246	1.0	83	83	0	0	3/4	2	1	1/4		1/4	1		-5	49	640
246	1.0	83	83	0	0	3/4	1	1	1/4		1/4	1		-1	77	637
246	1.0	83	83	0	0	3/4	1	1	1/4		1/4	1		-4	80	637
246	1.0	83	83	0	0	3/4	1	1	1/4		1/4	1		-1	89	637
247	1.0	83	83	1/4	1/4	3/4	2	1	1/4		1/4	1		-4	56	641
247	1.0	83	83	1/4	1/4	3/4	2	1	1/4		1/4	1		-5	61	641
247	1.0	83	83	1/4	1/4	3/4	2	1	1/4		1/4	1		-1	65	641
247	1.5	83	83	1/4	1/4	3/4	1	1	3/8		1/4	3/2		0	72	638
247	1.5	83	83	1/4	1/4	3/4	1	1	3/8		1/4	3/2		-1	77	638
247	1.5	83	83	1/4	1/4	3/4	1	1	3/8		1/4	3/2		0	84	638
248	1.0	83	83	1/2	1/2	3/4	2	1	1/4		1/4	1		-5	37	642
248	1.0	83	83	1/2	1/2	3/4	2	1	1/4		1/4	1		-5	49	642
497/2	0.5	83	83	5/8	5/8	3/4	1	1	1/8		1/8	1		-4	68	639
497/2	0.5	83	83	5/8	5/8	3/4	1	1	1/8		1/8	1		-4	80	639
249	1.0	84	84	0	0	3/4	2	1	1/4		1/4	1		1	55	648
249	1.0	84	84	0	0	3/4	2	1	1/4		1/4	1		-5	61	648
249	1.0	84	84	0	0	3/4	2	1	1/4		1/4	1		4	64	648
249	0.5	84	84	0	0	3/4	1	1	1/8		1/8	1		-2	70	643
249	0.5	84	84	0	0	3/4	1	1	1/8		1/8	1		4	76	643
249	0.5	84	84	0	0	3/4	1	1	1/8		1/8	1		-2	82	643
499/2	0.5	84	84	1/8	1/8	3/4	1	1	1/8		1/8	1		0	72	644
499/2	0.5	84	84	1/8	1/8	3/4	1	1	1/8		1/8	1		0	84	644
250	1.0	84	84	1/4	1/4	3/4	2	1	1/4		1/4	1		-5	37	649
250	1.0	84	84	1/4	1/4	3/4	2	1	1/4		1/4	1		-5	49	649
250	1.0	84	84	1/4	1/4	3/4	1	1	1/4		1/4	1		1	67	645
250	1.0	84	84	1/4	1/4	3/4	1	1	1/4		1/4	1		1	79	645
251	1.0	84	84	1/2	1/2	3/4	2	1	1/4		1/4	1		0	36	650
251	1.0	84	84	1/2	1/2	3/4	2	1	1/4		1/4	1		0	48	650
251	0.5	84	84	1/2	1/2	3/4	1	1	1/8		1/8	1		-2	70	646
251	0.5	84	84	1/2	1/2	3/4	1	1	1/8		1/8	1		1	79	646
251	0.5	84	84	1/2	1/2	3/4	1	1	1/8		1/8	1		-2	82	646
503/2	0.5	84	84	5/8	5/8	3/4	1	1	1/8		1/8	1		0	72	647
503/2	0.5	84	84	5/8	5/8	3/4	1	1	1/8		1/8	1		0	84	647
252	1.0	85	85	0	0	3/4	2	1	1/4		1/4	1		-2	34	656
252	1.0	85	85	0	0	3/4	2	1	1/4		1/4	1		-2	46	656
252	2.0	85	85	0	0	3/4	1	1	1/2		1/2	1		-5	73	651
252	1.0	85	85	0	0	3/4	1	2	1/4		1/4	1		-2	82	653
252	2.0	85	85	0	0	3/4	1	1	1/2		1/2	1		-5	85	651
253	1.0	85	85	1/4	1/4	3/4	2	1	1/4		1/4	1		-1	53	657
253	1.0	85	85	1/4	1/4	3/4	2	1	1/4		1/4	1		-5	61	657
253	1.0	85	85	1/4	1/4	3/4	1	2	1/4		1/4	1		-4	80	654
254	1.0	85	85	1/2	1/2	3/4	2	1	1/4		1/4	1		-2	58	658
254	1.0	85	85	1/2	1/2	3/4	2	1	1/4		1/4	1		-1	65	658
254	1.0	85	85	1/2	1/2	3/4	1	1	1/4		1/4	1	1	-1	77	652
254	1.0	85	85	1/2	1/2	3/4	1	2	1/4		1/4	1		-1	77	655
254	1.0	85	85	1/2	1/2	3/4	1	1	1/4		1/4	1	1	-1	89	652
255	1.0	86	86	0	0	3/4	2	1	1/4		1/4	1		-5	61	665
255	1.0	86	86	0	0	3/4	2	1	1/4		1/4	1		-2	70	665
255	2.0	86	86	0	0	3/4	1	2	1/2		1/2	1	-1	-1	77	663
255	1.0	86	86	0	0	3/4	1	1	1/4		1/4	1	-1	-1	89	659
256	1.0	86	86	1/4	1/4	3/4	2	1	1/4		1/4	1		-1	65	666
256	1.0	86	86	1/4	1/4	3/4	2	1	1/4		1/4	1		-5	73	666
256	0.5	86	86	1/4	1/4	3/4	1	1	1/8		1/8	1		-2	82	660
513/2	0.5	86	86	3/8	3/8	3/4	1	1	1/8		1/8	1		0	84	661
257	1.0	86	86	1/2	1/2	3/4	2	1	1/4		1/4	1		-2	70	667
257	1.0	86	86	1/2	1/2	3/4	2	1	1/4		1/4	1		-1	77	667
257	1.0	86	86	1/2	1/2	3/4	1	2	1/4		1/4	1		-2	82	664
257	1.0	86	86	1/2	1/2	3/4	1	1	1/4		1/4	1		-5	85	662
258	3.0	87	87	0	0	3/4	2	2	3/4		1/2	3/2		-2	58	673
259	1.0	87	87	1/4	1/4	3/4	2	1	1/4		1/4	1		-4	68	671
259	2.0	87	87	1/4	1/4	3/4	1	2	1/2		1/2	1		-5	73	670
259	1.0	87	87	1/4	1/4	3/4	1	1	1/4		1/4	1		-1	77	668
260	1.0	87	87	1/2	1/2	3/4	2	1	1/4		1/4	1		1	67	672
260	1.0	87	87	1/2	1/2	3/4	1	1	1/4		1/4	1		0	84	669
261	3.0	88	88	0	0	3/4	2	1	3/4		1/2	3/2		-3	51	677
262	2.0	88	88	1/4	1/4	3/4	1	2	1/2		1/2	1		-5	61	676
262	1.0	88	88	1/4	1/4	3/4	1	1	1/4		1/4	1		-1	65	674
262	1.0	88	88	1/4	1/4	3/4	1	1	1/4		1/4	1		0	72	674
263	1.0	88	88	1/2	1/2	3/4	1	1	1/4		1/4	1		-3	63	675
263	1.0	88	88	1/2	1/2	3/4	1	1	1/4		1/4	1		1	67	675
264	3.0	89	89	0	0	3/4	2	2	3/4		1/2	3/2		-4	44	686
265	1.0	89	89	1/4	1/4	3/4	2	1	1/4		1/4	1		-3	51	684
265	1.0	89	89	1/4	1/4	3/4	1	2	1/4		1/4	1		0	60	682
265	0.5	89	89	1/4	1/4	3/4	1	1	1/8		1/8	1		-2	70	678
531/2	0.5	89	89	3/8	3/8	3/4	1	1	1/8		1/8	1		-4	68	679
266	1.0	89	89	1/2	1/2	3/4	2	1	1/4		1/4	1		2	50	685
266	1.0	89	89	1/2	1/2	3/4	1	2	1/4		1/4	1		-7	59	683
266	0.5	89	89	1/2	1/2	3/4	1	1	1/8		1/8	1		-1	65	680
533/2	0.5	89	89	5/8	5/8	3/4	1	1	1/8		1/8	1		-4	68	681
267	3.0	90	90	0	0	3/4	2	2	3/4		1/2	3/2		-4	44	695
268	1.0	90	90	1/4	1/4	3/4	2	1	1/4		1/4	1		-3	51	693
268	1.0	90	90	1/4	1/4	3/4	1	2	1/4		1/4	1		0	60	691
268	0.5	90	90	1/4	1/4	3/4	1	1	1/8		1/8	1		-2	70	687
537/2	0.5	90	90	3/8	3/8	3/4	1	1	1/8		1/8	1		-4	68	688
269	1.0	90	90	1/2	1/2	3/4	2	1	1/4		1/4	1		4	52	694
269	1.0	90	90	1/2	1/2	3/4	1	2	1/4		1/4	1		-5	61	692
269	1.0	90	90	1/2	1/2	3/4	1	2	1/4		1/4	1		1	67	692
269	0.5	90	90	1/2	1/2	3/4	1	1	1/8		1/8	1		-2	70	689
539/2	0.5	90	90	5/8	5/8	3/4	1	1	1/8		1/8	1		0	72	690
270	3.0	91	91	0	0	3/4	2	2	3/4		1/2	3/2		-4	44	704
271	1.0	91	91	1/4	1/4	3/4	2	1	1/4		1/4	1		-3	51	702
271	1.0	91	91	1/4	1/4	3/4	1	2	1/4		1/4	1		0	60	700
271	0.5	91	91	1/4	1/4	3/4	1	1	1/8		1/8	1		-2	70	696
543/2	0.5	91	91	3/8	3/8	3/4	1	1	1/8		1/8	1		-4	68	697
272	1.0	91	91	1/2	1/2	3/4	2	1	1/4		1/4	1		2	50	703
272	1.0	91	91	1/2	1/2	3/4	1	2	1/4		1/4	1		-7	59	701
272	0.5	91	91	1/2	1/2	3/4	1	1	1/8		1/8	1		-1	65	698
545/2	0.5	91	91	5/8	5/8	3/4	1	1	1/8		1/8	1		-4	68	699
273	1.0	92	92	0	0	3/4	2	1	1/4		1/4	1		-3	51	713
273	1.0	92	92	0	0	3/4	1	2	1/4		1/4	1		0	60	711
273	0.5	92	92	0	0	3/4	1	1	1/8		1/8	1		-2	70	705
547/2	0.5	92	92	1/8	1/8	3/4	1	1	1/8		1/8	1		-4	68	706
274	1.0	92	92	1/4	1/4	3/4	2	1	1/4		1/4	1		-4	56	714
274	1.0	92	92	1/4	1/4	3/4	1	2	1/4		1/4	1		-3	63	712
274	0.5	92	92	1/4	1/4	3/4	1	1	1/8		1/8	1		0	72	707
549/2	0.5	92	92	3/8	3/8	3/4	1	1	1/8		1/8	1		-3	75	708
275	1.0	92	92	1/2	1/2	3/4	2	1	1/4		1/4	1		0	60	715
275	0.5	92	92	1/2	1/2	3/4	1	1	1/8		1/8	1		-4	80	709
551/2	0.5	92	92	5/8	5/8	3/4	1	1	1/8		1/8	1		0	84	710
276	2.0	93	93	0	0	3/4	2	2	1/2		1/2	1		-3	63	723
277	2.0	93	93	1/4	1/4	3/4	2	1	1/2		1/2	1		-4	68	722
277	1.0	93	93	1/4	1/4	3/4	1	2	1/4		1/4	1		0	72	720
277	1.0	93	93	1/4	1/4	3/4	1	2	1/4		1/4	1		-6	78	720
277	0.5	93	93	1/4	1/4	3/4	1	1	1/8		1/8	1		-2	82	716
555/2	0.5	93	93	3/8	3/8	3/4	1	1	1/8		1/8	1		-4	80	717
278	1.0	93	93	1/2	1/2	3/4	2	2	1/4		1/4	1		2	62	724
278	1.0	93	93	1/2	1/2	3/4	1	2	1/4		1/4	1		-7	71	721
278	0.5	93	93	1/2	1/2	3/4	1	1	1/8		1/8	1		-1	77	718
557/2	0.5	93	93	5/8	5/8	3/4	1	1	1/8		1/8	1		-4	80	719
279	2.0	94	94	0	0	3/4	2	2	1/2		1/2	1		-3	63	732
280	2.0	94	94	1/4	1/4	3/4	2	1	1/2		1/2	1		-4	68	731
280	1.0	94	94	1/4	1/4	3/4	1	2	1/4		1/4	1		0	72	729
280	1.0	94	94	1/4	1/4	3/4	1	2	1/4		1/4	1		-6	78	729
280	0.5	94	94	1/4	1/4	3/4	1	1	1/8		1/8	1		-2	82	725
561/2	0.5	94	94	3/8	3/8	3/4	1	1	1/8		1/8	1		-4	80	726
281	1.0	94	94	1/2	1/2	3/4	2	2	1/4		1/4	1		4	64	733
281	1.0	94	94	1/2	1/2	3/4	1	2	1/4		1/4	1		-5	73	730
281	1.0	94	94	1/2	1/2	3/4	1	2	1/4		1/4	1		1	79	730
281	0.5	94	94	1/2	1/2	3/4	1	1	1/8		1/8	1		-2	82	727
563/2	0.5	94	94	5/8	5/8	3/4	1	1	1/8		1/8	1		0	84	728
282	2.0	95	95	0	0	3/4	2	2	1/2		1/2	1		-3	63	741
283	2.0	95	95	1/4	1/4	3/4	2	1	1/2		1/2	1		-4	68	740
283	1.0	95	95	1/4	1/4	3/4	1	2	1/4		1/4	1		0	72	738
283	1.0	95	95	1/4	1/4	3/4	1	2	1/4		1/4	1		-6	78	738
283	0.5	95	95	1/4	1/4	3/4	1	1	1/8		1/8	1		-2	82	734
567/2	0.5	95	95	3/8	3/8	3/4	1	1	1/8		1/8	1		-4	80	735
284	1.0	95	95	1/2	1/2	3/4	2	2	1/4		1/4	1		2	62	742
284	1.0	95	95	1/2	1/2	3/4	1	2	1/4		1/4	1		-7	71	739
284	0.5	95	95	1/2	1/2	3/4	1	1	1/8		1/8	1		-1	77	736
569/2	0.5	95	95	5/8	5/8	3/4	1	1	1/8		1/8	1		-4	80	737
285	1.0	96	96	0	0	3/4	2	1	1/4		1/4	1		-3	63	750
285	1.0	96	96	0	0	3/4	2	2	1/4		1/4	1		-3	63	753
285	1.0	96	96	0	0	3/4	2	1	1/4		1/4	1		-4	68	750
285	1.0	96	96	0	0	3/4	1	2	1/4		1/4	1		0	72	749
285	1.0	96	96	0	0	3/4	1	2	1/4		1/4	1		-6	78	749
285	0.5	96	96	0	0	3/4	1	1	1/8		1/8	1		-2	82	743
571/2	0.5	96	96	1/8	1/8	3/4	1	1	1/8		1/8	1		-4	80	744
286	1.0	96	96	1/4	1/4	3/4	2	1	1/4		1/4	1		-4	68	751
286	0.5	96	96	1/4	1/4	3/4	1	1	1/8		1/8	1		0	84	745
573/2	0.5	96	96	3/8	3/8	3/4	1	1	1/8		1/8	1		-3	75	746
287	1.0	96	96	1/2	1/2	3/4	2	1	1/4		1/4	1		0	72	752
287	0.5	96	96	1/2	1/2	3/4	1	1	1/8		1/8	1		-4	80	747
575/2	0.5	96	96	5/8	5/8	3/4	1	1	1/8		1/8	1		0	84	748
288	1.0	97	97	0	0	3/4	2	1	1/4		1/4	1		-3	63	758
288	1.0	97	97	0	0	3/4	2	1	1/4		1/4	1		-4	68	758
288	1.0	97	97	0	0	3/4	2	1	1/4		1/4	1		-7	71	758
288	1.0	97	97	0	0	3/4	1	1	1/4		1/4	1		-7	83	754
288	1.0	97	97	0	0	3/4	1	1	1/4		1/4	1		-3	87	754
577/2	0.5	97	97	1/8	1/8	3/4	1	2	1/8		1/8	1		-1	77	755
289	1.0	97	97	1/4	1/4	3/4	2	1	1/4		1/4	1		-4	56	759
289	1.0	97	97	1/4	1/4	3/4	1	2	1/4		1/4	1		-1	77	756
290	1.0	97	97	1/2	1/2	3/4	2	1	1/4		1/4	1		-3	63	760
290	1.0	97	97	1/2	1/2	3/4	2	1	1/4		1/4	1		-4	68	760
290	1.0	97	97	1/2	1/2	3/4	2	1	1/4		1/4	1		-7	71	760
290	1.0	97	97	1/2	1/2	3/4	1	2	1/4		1/4	1		-6	78	757
291	1.0	98	98	0	0	3/4	2	1	1/4		1/4	1		-4	56	764
583/2	0.5	98	98	1/8	1/8	3/4	1	1	1/8		1/8	1		-4	80	761
292	1.0	98	98	1/4	1/4	3/4	2	1	1/4		1/4	1		-3	63	765
292	1.0	98	98	1/4	1/4	3/4	2	1	1/4		1/4	1		-4	68	765
292	1.0	98	98	1/4	1/4	3/4	2	1	1/4		1/4	1		-7	71	765
292	1.0	98	98	1/4	1/4	3/4	1	1	1/4		1/4	1		-4	80	762
293	1.0	98	98	1/2	1/2	3/4	2	1	1/4		1/4	1		-4	56	766
293	1.0	98	98	1/2	1/2	3/4	1	1	1/4		1/4	1		-2	82	763
294	1.0	99	99	0	0	3/4	2	1	1/4		1/4	1		-3	63	772
294	1.0	99	99	0	0	3/4	2	1	1/4		1/4	1		-4	68	772
294	1.0	99	99	0	0	3/4	2	1	1/4		1/4	1		-7	71	772
589/2	0.5	99	99	1/8	1/8	3/4	1	1	1/8		1/8	1		-1	77	767
295	1.0	99	99	1/4	1/4	3/4	2	1	1/4		1/4	1		-4	56	773
295	0.5	99	99	1/4	1/4	3/4	1	1	1/8		1/8	1		-1	77	768
591/2	0.5	99	99	3/8	3/8	3/4	1	1	1/8		1/8	1		-6	78	769
296	1.0	99	99	1/2	1/2	3/4	2	1	1/4		1/4	1		-3	63	774
296	1.0	99	99	1/2	1/2	3/4	2	1	1/4		1/4	1		-4	68	774
296	1.0	99	99	1/2	1/2	3/4	2	1	1/4		1/4	1		-7	71	774
296	0.5	99	99	1/2	1/2	3/4	1	1	1/8		1/8	1		-4	80	770
593/2	0.5	99	99	5/8	5/8	3/4	1	1	1/8		1/8	1		-2	82	771
297	1.0	100	100	0	0	3/4	2	1	1/4		1/4	1		-4	56	778
297	1.0	100	100	0	0	3/4	1	2	1/4		1/4	1		-1	77	777
298	1.0	100	100	1/4	1/4	3/4	2	1	1/4		1/4	1		-3	63	779
298	1.0	100	100	1/4	1/4	3/4	2	1	1/4		1/4	1		-4	68	779
298	1.0	100	100	1/4	1/4	3/4	2	1	1/4		1/4	1		-7	71	779
298	1.5	100	100	1/4	1/4	3/4	1	1	3/8		1/4	3/2		-2	82	775
298	1.5	100	100	1/4	1/4	3/4	1	1	3/8		1/4	3/2		-5	85	775
299	1.0	100	100	1/2	1/2	3/4	2	1	1/4		1/4	1		-4	56	780
599/2	0.5	100	100	5/8	5/8	3/4	1	1	1/8		1/8	1		1	79	776
599/2	0.5	100	100	5/8	5/8	3/4	1	1	1/8		1/8	1		-2	82	776
300	1.0	101	101	0	0	3/4	2	1	1/4		1/4	1		2	62	786
300	1.0	101	101	0	0	3/4	2	1	1/4		1/4	1		-1	65	786
300	1.0	101	101	0	0	3/4	2	1	1/4		1/4	1		-7	71	786
300	0.5	101	101	0	0	3/4	1	1	1/8		1/8	1		-4	80	781
300	0.5	101	101	0	0	3/4	1	1	1/8		1/8	1		-7	83	781
601/2	0.5	101	101	1/8	1/8	3/4	1	1	1/8		1/8	1		-2	82	782
601/2	0.5	101	101	1/8	1/8	3/4	1	1	1/8		1/8	1		-5	85	782
301	1.0	101	101	1/4	1/4	3/4	2	1	1/4		1/4	1		-4	56	787
301	1.0	101	101	1/4	1/4	3/4	1	1	1/4		1/4	1		-1	77	783
301	1.0	101	101	1/4	1/4	3/4	1	1	1/4		1/4	1		-4	80	783
302	1.0	101	101	1/2	1/2	3/4	2	1	1/4		1/4	1		2	62	788
302	1.0	101	101	1/2	1/2	3/4	2	1	1/4		1/4	1		-1	65	788
302	1.0	101	101	1/2	1/2	3/4	2	1	1/4		1/4	1		-7	71	788
302	0.5	101	101	1/2	1/2	3/4	1	1	1/8		1/8	1		-4	80	784
302	0.5	101	101	1/2	1/2	3/4	1	1	1/8		1/8	1		-7	83	784
605/2	0.5	101	101	5/8	5/8	3/4	1	1	1/8		1/8	1		-2	82	785
605/2	0.5	101	101	5/8	5/8	3/4	1	1	1/8		1/8	1		-5	85	785
303	1.0	102	102	0	0	3/4	2	1	1/4		1/4	1		-4	56	793
303	1.0	102	102	0	0	3/4	1	1	1/4		1/4	1		-7	83	789
303	1.0	102	102	0	0	3/4	1	1	1/4		1/4	1		-3	87	789
607/2	0.5	102	102	1/8	1/8	3/4	1	2	1/8		1/8	1		-1	53	790
304	1.0	102	102	1/4	1/4	3/4	1	2	1/4		1/4	1		-1	53	791
304	1.0	102	102	1/4	1/4	3/4	2	1	1/4		1/4	1		-3	63	794
304	1.0	102	102	1/4	1/4	3/4	2	1	1/4		1/4	1		-4	68	794
304	1.0	102	102	1/4	1/4	3/4	2	1	1/4		1/4	1		-7	71	794
305	1.0	102	102	1/2	1/2	3/4	1	2	1/4		1/4	1		-6	54	792
305	1.0	102	102	1/2	1/2	3/4	2	1	1/4		1/4	1		-7	59	795
306	1.0	103	103	0	0	3/4	2	1	1/4		1/4	1		-3	63	799
306	1.0	103	103	0	0	3/4	2	1	1/4		1/4	1		-4	68	799
306	1.0	103	103	0	0	3/4	2	1	1/4		1/4	1		-7	71	799
613/2	0.5	103	103	1/8	1/8	3/4	1	1	1/8		1/8	1		-4	56	796
307	1.0	103	103	1/4	1/4	3/4	1	1	1/4		1/4	1		-4	56	797
307	1.0	103	103	1/4	1/4	3/4	2	1	1/4		1/4	1		-7	59	800
308	1.0	103	103	1/2	1/2	3/4	1	1	1/4		1/4	1		-2	58	798
308	1.0	103	103	1/2	1/2	3/4	2	1	1/4		1/4	1		-3	63	801
308	1.0	103	103	1/2	1/2	3/4	2	1	1/4		1/4	1		-4	68	801
308	1.0	103	103	1/2	1/2	3/4	2	1	1/4		1/4	1		-7	71	801
309	1.0	104	104	0	0	3/4	2	1	1/4		1/4	1		-7	59	807
619/2	0.5	104	104	1/8	1/8	3/4	1	1	1/8		1/8	1		-1	53	802
310	0.5	104	104	1/4	1/4	3/4	1	1	1/8		1/8	1		-1	53	803
310	1.0	104	104	1/4	1/4	3/4	2	1	1/4		1/4	1		-3	63	808
310	1.0	104	104	1/4	1/4	3/4	2	1	1/4		1/4	1		-4	68	808
310	1.0	104	104	1/4	1/4	3/4	2	1	1/4		1/4	1		-7	71	808
621/2	0.5	104	104	3/8	3/8	3/4	1	1	1/8		1/8	1		-6	54	804
311	0.5	104	104	1/2	1/2	3/4	1	1	1/8		1/8	1		-4	56	805
311	1.0	104	104	1/2	1/2	3/4	2	1	1/4		1/4	1		-7	59	809
623/2	0.5	104	104	5/8	5/8	3/4	1	1	1/8		1/8	1		-2	58	806
312	3.0	105	105	0	0	3/4	1	1	3/4		1/2	3/2	1	-1	53	810
312	1.0	105	105	0	0	3/4	2	1	1/4		1/4	1		-3	63	811
312	1.0	105	105	0	0	3/4	2	1	1/4		1/4	1		-4	68	811
312	1.0	105	105	0	0	3/4	2	1	1/4		1/4	1		-7	71	811
313	1.0	105	105	1/4	1/4	3/4	2	1	1/4		1/4	1		-7	59	812
314	1.0	105	105	1/2	1/2	3/4	2	1	1/4		1/4	1		-3	63	813
314	1.0	105	105	1/2	1/2	3/4	2	1	1/4		1/4	1		-4	68	813
314	1.0	105	105	1/2	1/2	3/4	2	1	1/4		1/4	1		-7	71	813
315	3.0	106	106	0	0	3/4	1	1	3/4		1/2	3/2	-1	-1	53	814
315	1.0	106	106	0	0	3/4	2	1	1/4		1/4	1		-7	59	815
316	1.0	106	106	1/4	1/4	3/4	2	1	1/4		1/4	1		-7	59	816
316	1.0	106	106	1/4	1/4	3/4	2	1	1/4		1/4	1		-3	63	816
316	1.0	106	106	1/4	1/4	3/4	2	1	1/4		1/4	1		-4	68	816
317	1.0	106	106	1/2	1/2	3/4	2	1	1/4		1/4	1		-4	56	817
318	3.0	107	107	0	0	3/4	2	2	3/4		1/2	3/2		1	31	823
318	3.0	107	107	0	0	3/4	2	2	3/4		1/2	3/2		1	43	823
637/2	0.5	107	107	1/8	1/8	3/4	1	1	1/8		1/8	1		1	67	818
319	1.0	107	107	1/4	1/4	3/4	2	1	1/4		1/4	1		-2	58	821
319	1.0	107	107	1/4	1/4	3/4	2	1	1/4		1/4	1		-5	61	821
319	1.0	107	107	1/4	1/4	3/4	2	1	1/4		1/4	1		-1	65	821
319	1.0	107	107	1/4	1/4	3/4	1	1	1/4		1/4	1		1	67	819
320	1.0	107	107	1/2	1/2	3/4	2	1	1/4		1/4	1		-1	53	822
320	1.0	107	107	1/2	1/2	3/4	1	1	1/4		1/4	1		-4	68	820
321	1.0	108	108	0	0	3/4	2	1	1/4		1/4	1		-2	58	827
321	1.0	108	108	0	0	3/4	2	1	1/4		1/4	1		-5	61	827
321	1.0	108	108	0	0	3/4	2	1	1/4		1/4	1		-1	65	827
643/2	0.5	108	108	1/8	1/8	3/4	1	1	1/8		1/8	1		-2	70	824
322	1.0	108	108	1/4	1/4	3/4	2	1	1/4		1/4	1		-1	53	828
322	1.0	108	108	1/4	1/4	3/4	1	1	1/4		1/4	1		-2	70	825
323	1.0	108	108	1/2	1/2	3/4	2	1	1/4		1/4	1		-2	58	829
323	1.0	108	108	1/2	1/2	3/4	2	1	1/4		1/4	1		-5	61	829
323	1.0	108	108	1/2	1/2	3/4	2	1	1/4		1/4	1		-1	65	829
323	1.0	108	108	1/2	1/2	3/4	1	1	1/4		1/4	1		0	72	826
324	1.0	109	109	0	0	3/4	2	1	1/4		1/4	1		-1	53	835
649/2	0.5	109	109	1/8	1/8	3/4	1	1	1/8		1/8	1		1	67	830
325	1.0	109	109	1/4	1/4	3/4	2	1	1/4		1/4	1		-2	58	836
325	1.0	109	109	1/4	1/4	3/4	2	1	1/4		1/4	1		-5	61	836
325	1.0	109	109	1/4	1/4	3/4	2	1	1/4		1/4	1		-1	65	836
325	0.5	109	109	1/4	1/4	3/4	1	1	1/8		1/8	1		1	67	831
651/2	0.5	109	109	3/8	3/8	3/4	1	1	1/8		1/8	1		-4	68	832
326	1.0	109	109	1/2	1/2	3/4	2	1	1/4		1/4	1		-1	53	837
326	0.5	109	109	1/2	1/2	3/4	1	1	1/8		1/8	1		-2	70	833
653/2	0.5	109	109	5/8	5/8	3/4	1	1	1/8		1/8	1		0	72	834
327	1.0	110	110	0	0	3/4	2	1	1/4		1/4	1		-1	53	841
327	1.0	110	110	0	0	3/4	1	2	1/4		1/4	1		1	67	840
328	1.0	110	110	1/4	1/4	3/4	2	1	1/4		1/4	1		-2	58	842
328	1.0	110	110	1/4	1/4	3/4	2	1	1/4		1/4	1		-5	61	842
328	1.0	110	110	1/4	1/4	3/4	2	1	1/4		1/4	1		-1	65	842
328	1.5	110	110	1/4	1/4	3/4	1	1	3/8		1/4	3/2		0	84	838
328	1.5	110	110	1/4	1/4	3/4	1	1	3/8		1/4	3/2		-3	87	838
329	1.0	110	110	1/2	1/2	3/4	2	1	1/4		1/4	1		-1	53	843
659/2	0.5	110	110	5/8	5/8	3/4	1	1	1/8		1/8	1		3	81	839
659/2	0.5	110	110	5/8	5/8	3/4	1	1	1/8		1/8	1		0	84	839
330	1.0	111	111	0	0	3/4	2	1	1/4		1/4	1		-2	58	849
330	1.0	111	111	0	0	3/4	2	1	1/4		1/4	1		-5	61	849
330	1.0	111	111	0	0	3/4	2	1	1/4		1/4	1		4	64	849
330	0.5	111	111	0	0	3/4	1	1	1/8		1/8	1		-2	82	844
330	0.5	111	111	0	0	3/4	1	1	1/8		1/8	1		-5	85	844
661/2	0.5	111	111	1/8	1/8	3/4	1	1	1/8		1/8	1		0	84	845
661/2	0.5	111	111	1/8	1/8	3/4	1	1	1/8		1/8	1		-3	87	845
331	1.0	111	111	1/4	1/4	3/4	2	1	1/4		1/4	1		-1	53	850
331	1.0	111	111	1/4	1/4	3/4	1	1	1/4		1/4	1		1	79	846
331	1.0	111	111	1/4	1/4	3/4	1	1	1/4		1/4	1		-2	82	846
332	1.0	111	111	1/2	1/2	3/4	2	1	1/4		1/4	1		-2	58	851
332	1.0	111	111	1/2	1/2	3/4	2	1	1/4		1/4	1		-5	61	851
332	1.0	111	111	1/2	1/2	3/4	2	1	1/4		1/4	1		4	64	851
332	0.5	111	111	1/2	1/2	3/4	1	1	1/8		1/8	1		-2	82	847
332	0.5	111	111	1/2	1/2	3/4	1	1	1/8		1/8	1		-5	85	847
665/2	0.5	111	111	5/8	5/8	3/4	1	1	1/8		1/8	1		0	84	848
665/2	0.5	111	111	5/8	5/8	3/4	1	1	1/8		1/8	1		-3	87	848
333	3.0	112	112	0	0	3/4	2	2	3/4		1/2	3/2		1	31	858
333	3.0	112	112	0	0	3/4	2	2	3/4		1/2	3/2		1	43	858
333	1.0	112	112	0	0	3/4	1	1	1/4		1/4	1		-5	85	852
333	1.0	112	112	0	0	3/4	1	1	1/4		1/4	1		-1	89	852
667/2	0.5	112	112	1/8	1/8	3/4	1	2	1/8		1/8	1		1	67	853
334	1.0	112	112	1/4	1/4	3/4	2	1	1/4		1/4	1		-2	58	856
334	1.0	112	112	1/4	1/4	3/4	2	1	1/4		1/4	1		-5	61	856
334	1.0	112	112	1/4	1/4	3/4	2	1	1/4		1/4	1		-1	65	856
334	1.0	112	112	1/4	1/4	3/4	1	2	1/4		1/4	1		1	67	854
335	1.0	112	112	1/2	1/2	3/4	2	1	1/4		1/4	1		-1	53	857
335	1.0	112	112	1/2	1/2	3/4	1	2	1/4		1/4	1		-4	68	855
336	1.0	113	113	0	0	3/4	2	1	1/4		1/4	1		-2	58	862
336	1.0	113	113	0	0	3/4	2	1	1/4		1/4	1		-5	61	862
336	1.0	113	113	0	0	3/4	2	1	1/4		1/4	1		-1	65	862
673/2	0.5	113	113	1/8	1/8	3/4	1	1	1/8		1/8	1		-2	70	859
337	1.0	113	113	1/4	1/4	3/4	2	1	1/4		1/4	1		-1	53	863
337	1.0	113	113	1/4	1/4	3/4	1	1	1/4		1/4	1		-2	70	860
338	1.0	113	113	1/2	1/2	3/4	2	1	1/4		1/4	1		-2	58	864
338	1.0	113	113	1/2	1/2	3/4	2	1	1/4		1/4	1		-5	61	864
338	1.0	113	113	1/2	1/2	3/4	2	1	1/4		1/4	1		-1	65	864
338	1.0	113	113	1/2	1/2	3/4	1	1	1/4		1/4	1		0	72	861
339	1.0	114	114	0	0	3/4	2	1	1/4		1/4	1		-1	53	870
679/2	0.5	114	114	1/8	1/8	3/4	1	1	1/8		1/8	1		1	67	865
340	1.0	114	114	1/4	1/4	3/4	2	1	1/4		1/4	1		-2	58	871
340	1.0	114	114	1/4	1/4	3/4	2	1	1/4		1/4	1		-5	61	871
340	1.0	114	114	1/4	1/4	3/4	2	1	1/4		1/4	1		-1	65	871
340	0.5	114	114	1/4	1/4	3/4	1	1	1/8		1/8	1		1	67	866
681/2	0.5	114	114	3/8	3/8	3/4	1	1	1/8		1/8	1		-4	68	867
341	1.0	114	114	1/2	1/2	3/4	2	1	1/4		1/4	1		-1	53	872
341	0.5	114	114	1/2	1/2	3/4	1	1	1/8		1/8	1		-2	70	868
683/2	0.5	114	114	5/8	5/8	3/4	1	1	1/8		1/8	1		0	72	869
342	1.0	115	115	0	0	3/4	2	1	1/4		1/4	1		-2	58	874
342	1.0	115	115	0	0	3/4	2	1	1/4		1/4	1		-5	61	874
342	1.0	115	115	0	0	3/4	2	1	1/4		1/4	1		4	64	874
342	3.0	115	115	0	0	3/4	1	1	3/4		1/2	3/2		1	67	873
343	1.0	115	115	1/4	1/4	3/4	2	1	1/4		1/4	1		0	48	875
344	1.0	115	115	1/2	1/2	3/4	2	1	1/4		1/4	1		-2	46	876
345	2.0	116	116	0	0	3/4	2	2	1/2		1/2	1		-4	44	882
691/2	0.5	116	116	1/8	1/8	3/4	1	1	1/8		1/8	1		1	67	877
346	1.0	116	116	1/4	1/4	3/4	2	1	1/4		1/4	1		-1	53	881
346	1.0	116	116	1/4	1/4	3/4	2	1	1/4		1/4	1		0	60	881
346	0.5	116	116	1/4	1/4	3/4	1	1	1/8		1/8	1		-4	68	878
693/2	0.5	116	116	3/8	3/8	3/4	1	1	1/8		1/8	1		-1	65	879
347	1.0	116	116	1/2	1/2	3/4	2	2	1/4		1/4	1		1	43	883
347	1.0	116	116	1/2	1/2	3/4	1	1	1/4		1/4	1	1	0	60	880
348	2.0	117	117	0	0	3/4	2	2	1/2		1/2	1		-1	41	888
348	0.5	117	117	0	0	3/4	1	1	1/8		1/8	1	-1	0	60	884
697/2	0.5	117	117	1/8	1/8	3/4	1	1	1/8		1/8	1		-1	65	885
349	1.0	117	117	1/4	1/4	3/4	2	1	1/4		1/4	1		0	48	887
349	1.0	117	117	1/4	1/4	3/4	2	1	1/4		1/4	1		-4	56	887
349	2.0	117	117	1/4	1/4	3/4	1	1	1/2		1/2	1	1	0	72	886
350	1.0	117	117	1/2	1/2	3/4	2	2	1/4		1/4	1		-3	39	889
351	2.0	118	118	0	0	3/4	2	2	1/2		1/2	1		2	38	897
351	0.5	118	118	0	0	3/4	1	1	1/8		1/8	1	-1	0	72	890
703/2	0.5	118	118	1/8	1/8	3/4	1	1	1/8		1/8	1		-1	65	891
352	1.0	118	118	1/4	1/4	3/4	2	1	1/4		1/4	1		-4	44	896
352	1.0	118	118	1/4	1/4	3/4	2	1	1/4		1/4	1		-1	53	896
352	0.5	118	118	1/4	1/4	3/4	1	1	1/8		1/8	1		0	60	892
705/2	0.5	118	118	3/8	3/8	3/4	1	1	1/8		1/8	1		-1	65	893
353	1.0	118	118	1/2	1/2	3/4	2	2	1/4		1/4	1		2	38	898
353	0.5	118	118	1/2	1/2	3/4	1	1	1/8		1/8	1		0	72	894
707/2	0.5	118	118	5/8	5/8	3/4	1	1	1/8		1/8	1		-1	77	895
354	3.0	119	119	0	0	3/4	2	2	3/4		1/2	3/2		-2	34	908
354	3.0	119	119	0	0	3/4	2	2	3/4		1/2	3/2		-2	46	908
354	0.3333333333333333	119	119	0	0	3/4	1	1	1/12		1/8	2/3		4	76	899
354	0.3333333333333333	119	119	0	0	3/4	1	1	1/12		1/8	2/3		1	79	899
1063/3	0.3333333333333333	119	119	1/12	1/12	3/4	1	1	1/12		1/8	2/3		0	72	900
1064/3	0.3333333333333333	119	119	1/6	1/6	3/4	1	1	1/12		1/8	2/3		1	67	901
355	0.3333333333333333	119	119	1/4	1/4	3/4	2	1	1/12		1/8	2/3		0	60	905
355	0.3333333333333333	119	119	1/4	1/4	3/4	2	1	1/12		1/8	2/3		4	64	905
1066/3	0.3333333333333333	119	119	1/3	1/3	3/4	2	1	1/12		1/8	2/3		1	55	906
1067/3	0.3333333333333333	119	119	5/12	5/12	3/4	2	1	1/12		1/8	2/3		4	52	907
356	0.3333333333333333	119	119	1/2	1/2	3/4	1	1	1/12		1/8	2/3		4	88	902
356	0.3333333333333333	119	119	1/2	1/2	3/4	1	1	1/12		1/8	2/3		1	91	902
1069/3	0.3333333333333333	119	119	7/12	7/12	3/4	1	1	1/12		1/8	2/3		0	84	903
1070/3	0.3333333333333333	119	119	2/3	2/3	3/4	1	1	1/12		1/8	2/3		1	79	904
357	0.3333333333333333	120	120	0	0	3/4	2	1	1/12		1/8	2/3		0	84	912
357	0.3333333333333333	120	120	0	0	3/4	2	1	1/12		1/8	2/3		4	88	912
1072/3	0.3333333333333333	120	120	1/12	1/12	3/4	2	1	1/12		1/8	2/3		1	79	913
1073/3	0.3333333333333333	120	120	1/6	1/6	3/4	2	1	1/12		1/8	2/3		4	76	914
358	0.3333333333333333	120	120	1/4	1/4	3/4	1	1	1/12		1/8	2/3		4	88	909
358	0.3333333333333333	120	120	1/4	1/4	3/4	1	1	1/12		1/8	2/3		1	91	909
1075/3	0.3333333333333333	120	120	1/3	1/3	3/4	1	1	1/12		1/8	2/3		0	84	910
1076/3	0.3333333333333333	120	120	5/12	5/12	3/4	1	1	1/12		1/8	2/3		1	79	911
359	0.3333333333333333	120	120	1/2	1/2	3/4	2	1	1/12		1/8	2/3		0	72	915
359	0.3333333333333333	120	120	1/2	1/2	3/4	2	1	1/12		1/8	2/3		4	76	915
1078/3	0.3333333333333333	120	120	7/12	7/12	3/4	2	1	1/12		1/8	2/3		1	67	916
1079/3	0.3333333333333333	120	120	2/3	2/3	3/4	2	1	1/12		1/8	2/3		4	64	917
360	0.3333333333333333	121	121	0	0	3/4	1	2	1/12		1/8	2/3		4	76	921
360	1.0	121	121	0	0	3/4	1	1	1/4		1/4	1		1	79	918
1081/3	0.3333333333333333	121	121	1/12	1/12	3/4	1	2	1/12		1/8	2/3		0	72	922
1082/3	0.3333333333333333	121	121	1/6	1/6	3/4	1	2	1/12		1/8	2/3		1	67	923
361	1.0	121	121	1/4	1/4	3/4	2	1	1/4		1/4	1		2	62	930
361	0.3333333333333333	121	121	1/4	1/4	3/4	1	2	1/12		1/8	2/3		2	74	924
361	1.0	121	121	1/4	1/4	3/4	1	1	1/4		1/4	1		-1	77	919
1084/3	0.3333333333333333	121	121	1/3	1/3	3/4	1	2	1/12		1/8	2/3		-2	70	925
1085/3	0.3333333333333333	121	121	5/12	5/12	3/4	1	2	1/12		1/8	2/3		-1	65	926
362	1.0	121	121	1/2	1/2	3/4	2	1	1/4		1/4	1		4	64	931
362	0.3333333333333333	121	121	1/2	1/2	3/4	1	2	1/12		1/8	2/3		4	76	927
362	1.0	121	121	1/2	1/2	3/4	1	1	1/4		1/4	1		1	79	920
1087/3	0.3333333333333333	121	121	7/12	7/12	3/4	1	2	1/12		1/8	2/3		0	72	928
1088/3	0.3333333333333333	121	121	2/3	2/3	3/4	1	2	1/12		1/8	2/3		1	67	929
363	1.0	122	122	0	0	3/4	2	1	1/4		1/4	1		2	62	942
363	0.3333333333333333	122	122	0	0	3/4	1	2	1/12		1/8	2/3		2	74	936
363	1.0	122	122	0	0	3/4	1	1	1/4		1/4	1		-1	77	932
1090/3	0.3333333333333333	122	122	1/12	1/12	3/4	1	2	1/12		1/8	2/3		-2	70	937
1091/3	0.3333333333333333	122	122	1/6	1/6	3/4	1	2	1/12		1/8	2/3		-1	65	938
364	1.0	122	122	1/4	1/4	3/4	2	1	1/4		1/4	1		0	60	943
364	0.3333333333333333	122	122	1/4	1/4	3/4	1	2	1/12		1/8	2/3		0	72	939
364	1.0	122	122	1/4	1/4	3/4	1	1	1/4		1/4	1		4	76	933
1093/3	0.3333333333333333	122	122	1/3	1/3	3/4	1	2	1/12		1/8	2/3		1	67	940
1094/3	0.3333333333333333	122	122	5/12	5/12	3/4	1	2	1/12		1/8	2/3		4	64	941
365	1.0	122	122	1/2	1/2	3/4	2	1	1/4		1/4	1		0	36	944
365	1.0	122	122	1/2	1/2	3/4	2	1	1/4		1/4	1		0	48	944
365	0.5	122	122	1/2	1/2	3/4	1	1	1/8		1/8	1		2	74	934
365	0.5	122	122	1/2	1/2	3/4	1	1	1/8		1/8	1		-1	77	934
731/2	0.5	122	122	5/8	5/8	3/4	1	1	1/8		1/8	1		4	76	935
731/2	0.5	122	122	5/8	5/8	3/4	1	1	1/8		1/8	1		1	79	935
366	3.0	123	123	0	0	3/4	2	2	3/4		1/2	3/2		-2	34	952
366	3.0	123	123	0	0	3/4	2	2	3/4		1/2	3/2		-2	46	952
366	1.0	123	123	0	0	3/4	1	1	1/4		1/4	1		-1	77	945
366	1.0	123	123	0	0	3/4	1	1	1/4		1/4	1		3	81	945
367	0.3333333333333333	123	123	1/4	1/4	3/4	1	1	1/12		1/8	2/3		4	76	946
367	0.3333333333333333	123	123	1/4	1/4	3/4	1	1	1/12		1/8	2/3		1	79	946
1102/3	0.3333333333333333	123	123	1/3	1/3	3/4	1	1	1/12		1/8	2/3		0	72	947
1103/3	0.3333333333333333	123	123	5/12	5/12	3/4	1	1	1/12		1/8	2/3		1	67	948
368	0.3333333333333333	123	123	1/2	1/2	3/4	2	1	1/12		1/8	2/3		0	60	949
368	0.3333333333333333	123	123	1/2	1/2	3/4	2	1	1/12		1/8	2/3		4	64	949
1105/3	0.3333333333333333	123	123	7/12	7/12	3/4	2	1	1/12		1/8	2/3		1	55	950
1106/3	0.3333333333333333	123	123	2/3	2/3	3/4	2	1	1/12		1/8	2/3		4	52	951
369	0.3333333333333333	124	124	0	0	3/4	1	1	1/12		1/8	2/3		4	88	953
369	0.3333333333333333	124	124	0	0	3/4	1	1	1/12		1/8	2/3		1	91	953
1108/3	0.3333333333333333	124	124	1/12	1/12	3/4	1	1	1/12		1/8	2/3		0	84	954
1109/3	0.3333333333333333	124	124	1/6	1/6	3/4	1	1	1/12		1/8	2/3		1	79	955
370	0.3333333333333333	124	124	1/4	1/4	3/4	2	1	1/12		1/8	2/3		0	84	959
370	0.3333333333333333	124	124	1/4	1/4	3/4	2	1	1/12		1/8	2/3		4	88	959
1111/3	0.3333333333333333	124	124	1/3	1/3	3/4	2	1	1/12		1/8	2/3		1	79	960
1112/3	0.3333333333333333	124	124	5/12	5/12	3/4	2	1	1/12		1/8	2/3		4	76	961
371	0.3333333333333333	124	124	1/2	1/2	3/4	1	1	1/12		1/8	2/3		4	88	956
371	0.3333333333333333	124	124	1/2	1/2	3/4	1	1	1/12		1/8	2/3		1	91	956
1114/3	0.3333333333333333	124	124	7/12	7/12	3/4	1	1	1/12		1/8	2/3		0	84	957
1115/3	0.3333333333333333	124	124	2/3	2/3	3/4	1	1	1/12		1/8	2/3		1	79	958
372	0.3333333333333333	125	125	0	0	3/4	2	1	1/12		1/8	2/3		0	72	970
372	0.3333333333333333	125	125	0	0	3/4	2	1	1/12		1/8	2/3		4	76	970
1117/3	0.3333333333333333	125	125	1/12	1/12	3/4	2	1	1/12		1/8	2/3		1	67	971
1118/3	0.3333333333333333	125	125	1/6	1/6	3/4	2	1	1/12		1/8	2/3		4	64	972
373	1.0	125	125	1/4	1/4	3/4	2	1	1/4		1/4	1		2	62	973
373	0.3333333333333333	125	125	1/4	1/4	3/4	1	2	1/12		1/8	2/3		2	74	964
373	1.0	125	125	1/4	1/4	3/4	1	1	1/4		1/4	1		-1	77	962
1120/3	0.3333333333333333	125	125	1/3	1/3	3/4	1	2	1/12		1/8	2/3		-2	70	965
1121/3	0.3333333333333333	125	125	5/12	5/12	3/4	1	2	1/12		1/8	2/3		-1	65	966
374	1.0	125	125	1/2	1/2	3/4	2	1	1/4		1/4	1		4	64	974
374	0.3333333333333333	125	125	1/2	1/2	3/4	1	2	1/12		1/8	2/3		4	76	967
374	1.0	125	125	1/2	1/2	3/4	1	1	1/4		1/4	1		1	79	963
1123/3	0.3333333333333333	125	125	7/12	7/12	3/4	1	2	1/12		1/8	2/3		0	72	968
1124/3	0.3333333333333333	125	125	2/3	2/3	3/4	1	2	1/12		1/8	2/3		1	67	969
375	1.0	126	126	0	0	3/4	2	1	1/4		1/4	1		2	62	985
375	0.3333333333333333	126	126	0	0	3/4	1	2	1/12		1/8	2/3		2	74	979
375	1.0	126	126	0	0	3/4	1	1	1/4		1/4	1		-1	77	975
1126/3	0.3333333333333333	126	126	1/12	1/12	3/4	1	2	1/12		1/8	2/3		-2	70	980
1127/3	0.3333333333333333	126	126	1/6	1/6	3/4	1	2	1/12		1/8	2/3		-1	65	981
376	1.0	126	126	1/4	1/4	3/4	2	1	1/4		1/4	1		0	60	986
376	0.3333333333333333	126	126	1/4	1/4	3/4	1	2	1/12		1/8	2/3		0	72	982
376	1.0	126	126	1/4	1/4	3/4	1	1	1/4		1/4	1		4	76	976
1129/3	0.3333333333333333	126	126	1/3	1/3	3/4	1	2	1/12		1/8	2/3		1	67	983
1130/3	0.3333333333333333	126	126	5/12	5/12	3/4	1	2	1/12		1/8	2/3		4	64	984
377	1.0	126	126	1/2	1/2	3/4	2	1	1/4		1/4	1		-2	70	987
377	0.5	126	126	1/2	1/2	3/4	1	1	1/8		1/8	1		2	74	977
377	0.5	126	126	1/2	1/2	3/4	1	1	1/8		1/8	1		-1	77	977
755/2	0.5	126	126	5/8	5/8	3/4	1	1	1/8		1/8	1		4	76	978
755/2	0.5	126	126	5/8	5/8	3/4	1	1	1/8		1/8	1		1	79	978
378	1.0	127	127	0	0	3/4	2	1	1/4		1/4	1		-1	65	997
378	0.3333333333333333	127	127	0	0	3/4	1	1	1/12		1/8	2/3		3	81	988
1135/3	0.3333333333333333	127	127	1/12	1/12	3/4	1	1	1/12		1/8	2/3		-1	77	989
1136/3	0.3333333333333333	127	127	1/6	1/6	3/4	1	1	1/12		1/8	2/3		3	69	990
379	1.5	127	127	1/4	1/4	3/4	2	1	3/8		1/4	3/2		4	64	998
379	0.3333333333333333	127	127	1/4	1/4	3/4	1	1	1/12		1/8	2/3		3	81	991
1138/3	0.3333333333333333	127	127	1/3	1/3	3/4	1	1	1/12		1/8	2/3		-1	77	992
1139/3	0.3333333333333333	127	127	5/12	5/12	3/4	1	1	1/12		1/8	2/3		3	69	993
380	0.3333333333333333	127	127	1/2	1/2	3/4	1	1	1/12		1/8	2/3		3	81	994
1141/3	0.3333333333333333	127	127	7/12	7/12	3/4	1	1	1/12		1/8	2/3		-1	77	995
761/2	0.5	127	127	5/8	5/8	3/4	2	1	1/8		1/8	1		0	60	999
1142/3	0.3333333333333333	127	127	2/3	2/3	3/4	1	1	1/12		1/8	2/3		3	69	996
381	0.5	128	128	0	0	3/4	2	1	1/8		1/8	1		2	62	1009
381	0.3333333333333333	128	128	0	0	3/4	1	1	1/12		1/8	2/3		8	80	1000
1144/3	0.3333333333333333	128	128	1/12	1/12	3/4	1	1	1/12		1/8	2/3		-1	77	1001
763/2	0.5	128	128	1/8	1/8	3/4	2	1	1/8		1/8	1		4	64	1010
1145/3	0.3333333333333333	128	128	1/6	1/6	3/4	1	1	1/12		1/8	2/3		8	68	1002
382	1.0	128	128	1/4	1/4	3/4	2	1	1/4		1/4	1		5	59	1011
382	0.3333333333333333	128	128	1/4	1/4	3/4	1	1	1/12		1/8	2/3		8	80	1003
1147/3	0.3333333333333333	128	128	1/3	1/3	3/4	1	1	1/12		1/8	2/3		-1	77	1004
1148/3	0.3333333333333333	128	128	5/12	5/12	3/4	1	1	1/12		1/8	2/3		8	68	1005
383	0.5	128	128	1/2	1/2	3/4	2	1	1/8		1/8	1		2	62	1012
383	0.3333333333333333	128	128	1/2	1/2	3/4	1	1	1/12		1/8	2/3		8	80	1006
1150/3	0.3333333333333333	128	128	7/12	7/12	3/4	1	1	1/12		1/8	2/3		-1	77	1007
767/2	0.5	128	128	5/8	5/8	3/4	2	1	1/8		1/8	1		4	64	1013
1151/3	0.3333333333333333	128	128	2/3	2/3	3/4	1	1	1/12		1/8	2/3		8	68	1008
384	1.0	129	129	0	0	3/4	2	1	1/4		1/4	1		-1	65	1023
384	0.3333333333333333	129	129	0	0	3/4	1	1	1/12		1/8	2/3		3	81	1014
1153/3	0.3333333333333333	129	129	1/12	1/12	3/4	1	1	1/12		1/8	2/3		-1	77	1015
1154/3	0.3333333333333333	129	129	1/6	1/6	3/4	1	1	1/12		1/8	2/3		3	69	1016
385	1.0	129	129	1/4	1/4	3/4	2	1	1/4		1/4	1		1	67	1024
385	0.3333333333333333	129	129	1/4	1/4	3/4	1	1	1/12		1/8	2/3		3	81	1017
1156/3	0.3333333333333333	129	129	1/3	1/3	3/4	1	1	1/12		1/8	2/3		-1	77	1018
1157/3	0.3333333333333333	129	129	5/12	5/12	3/4	1	1	1/12		1/8	2/3		-2	70	1019
386	1.0	129	129	1/2	1/2	3/4	2	1	1/4		1/4	1		3	69	1025
386	0.3333333333333333	129	129	1/2	1/2	3/4	1	1	1/12		1/8	2/3		3	81	1020
1159/3	0.3333333333333333	129	129	7/12	7/12	3/4	1	1	1/12		1/8	2/3		-1	77	1021
1160/3	0.3333333333333333	129	129	2/3	2/3	3/4	1	1	1/12		1/8	2/3		0	72	1022
387	2.0	130	130	0	0	3/4	2	1	1/2		1/2	1		0	60	1035
387	2.0	130	130	0	0	3/4	2	1	1/2		1/2	1		-1	65	1035
387	2.0	130	130	0	0	3/4	2	1	1/2		1/2	1		1	67	1035
387	2.0	130	130	0	0	3/4	2	1	1/2		1/2	1		-2	70	1035
387	0.3333333333333333	130	130	0	0	3/4	1	1	1/12		1/8	2/3		0	84	1026
1162/3	0.3333333333333333	130	130	1/12	1/12	3/4	1	1	1/12		1/8	2/3		-1	77	1027
1163/3	0.3333333333333333	130	130	1/6	1/6	3/4	1	1	1/12		1/8	2/3		2	74	1028
388	1.0	130	130	1/4	1/4	3/4	2	2	1/4		1/4	1		1	55	1036
388	0.3333333333333333	130	130	1/4	1/4	3/4	1	1	1/12		1/8	2/3		0	84	1029
1165/3	0.3333333333333333	130	130	1/3	1/3	3/4	1	1	1/12		1/8	2/3		-1	77	1030
1166/3	0.3333333333333333	130	130	5/12	5/12	3/4	1	1	1/12		1/8	2/3		2	74	1031
389	1.0	130	130	1/2	1/2	3/4	2	2	1/4		1/4	1		0	48	1037
389	0.3333333333333333	130	130	1/2	1/2	3/4	1	1	1/12		1/8	2/3		0	84	1032
1168/3	0.3333333333333333	130	130	7/12	7/12	3/4	1	1	1/12		1/8	2/3		1	79	1033
1169/3	0.3333333333333333	130	130	2/3	2/3	3/4	1	1	1/12		1/8	2/3		4	76	1034
390	1.0	131	131	0	0	3/4	2	2	1/4		1/4	1		-1	65	1048
390	3.0	131	131	0	0	3/4	2	1	3/4		1/2	3/2		3	69	1047
390	0.3333333333333333	131	131	0	0	3/4	1	1	1/12		1/8	2/3		0	84	1038
1171/3	0.3333333333333333	131	131	1/12	1/12	3/4	1	1	1/12		1/8	2/3		3	81	1039
1172/3	0.3333333333333333	131	131	1/6	1/6	3/4	1	1	1/12		1/8	2/3		0	72	1040
391	1.5	131	131	1/4	1/4	3/4	2	2	3/8		1/4	3/2		4	64	1049
391	0.3333333333333333	131	131	1/4	1/4	3/4	1	1	1/12		1/8	2/3		0	84	1041
1174/3	0.3333333333333333	131	131	1/3	1/3	3/4	1	1	1/12		1/8	2/3		3	81	1042
1175/3	0.3333333333333333	131	131	5/12	5/12	3/4	1	1	1/12		1/8	2/3		0	72	1043
392	0.3333333333333333	131	131	1/2	1/2	3/4	1	1	1/12		1/8	2/3		0	84	1044
1177/3	0.3333333333333333	131	131	7/12	7/12	3/4	1	1	1/12		1/8	2/3		3	81	1045
785/2	0.5	131	131	5/8	5/8	3/4	2	2	1/8		1/8	1		0	60	1050
1178/3	0.3333333333333333	131	131	2/3	2/3	3/4	1	1	1/12		1/8	2/3		0	72	1046
393	0.5	132	132	0	0	3/4	2	2	1/8		1/8	1		2	62	1061
393	3.0	132	132	0	0	3/4	2	1	3/4		1/2	3/2		8	68	1060
393	0.3333333333333333	132	132	0	0	3/4	1	1	1/12		1/8	2/3		5	83	1051
1180/3	0.3333333333333333	132	132	1/12	1/12	3/4	1	1	1/12		1/8	2/3		8	80	1052
787/2	0.5	132	132	1/8	1/8	3/4	2	2	1/8		1/8	1		4	64	1062
1181/3	0.3333333333333333	132	132	1/6	1/6	3/4	1	1	1/12		1/8	2/3		5	71	1053
394	1.0	132	132	1/4	1/4	3/4	2	2	1/4		1/4	1		5	59	1063
394	0.3333333333333333	132	132	1/4	1/4	3/4	1	1	1/12		1/8	2/3		5	83	1054
1183/3	0.3333333333333333	132	132	1/3	1/3	3/4	1	1	1/12		1/8	2/3		8	80	1055
1184/3	0.3333333333333333	132	132	5/12	5/12	3/4	1	1	1/12		1/8	2/3		5	71	1056
395	0.5	132	132	1/2	1/2	3/4	2	2	1/8		1/8	1		2	62	1064
395	0.3333333333333333	132	132	1/2	1/2	3/4	1	1	1/12		1/8	2/3		5	83	1057
1186/3	0.3333333333333333	132	132	7/12	7/12	3/4	1	1	1/12		1/8	2/3		8	80	1058
791/2	0.5	132	132	5/8	5/8	3/4	2	2	1/8		1/8	1		4	64	1065
1187/3	0.3333333333333333	132	132	2/3	2/3	3/4	1	1	1/12		1/8	2/3		5	71	1059
396	1.0	133	133	0	0	3/4	2	1	1/4		1/4	1		2	62	1075
396	1.0	133	133	0	0	3/4	2	1	1/4		1/4	1		-1	65	1075
396	0.3333333333333333	133	133	0	0	3/4	1	1	1/12		1/8	2/3		-2	82	1066
1189/3	0.3333333333333333	133	133	1/12	1/12	3/4	1	1	1/12		1/8	2/3		-1	77	1067
1190/3	0.3333333333333333	133	133	1/6	1/6	3/4	1	1	1/12		1/8	2/3		-2	70	1068
397	1.0	133	133	1/4	1/4	3/4	2	1	1/4		1/4	1		0	60	1076
397	1.0	133	133	1/4	1/4	3/4	2	1	1/4		1/4	1		4	64	1076
397	1.0	133	133	1/4	1/4	3/4	2	1	1/4		1/4	1		1	67	1076
397	0.3333333333333333	133	133	1/4	1/4	3/4	1	1	1/12		1/8	2/3		0	84	1069
1192/3	0.3333333333333333	133	133	1/3	1/3	3/4	1	1	1/12		1/8	2/3		1	79	1070
1193/3	0.3333333333333333	133	133	5/12	5/12	3/4	1	1	1/12		1/8	2/3		0	72	1071
398	1.0	133	133	1/2	1/2	3/4	2	1	1/4		1/4	1		-2	58	1077
398	1.0	133	133	1/2	1/2	3/4	2	1	1/4		1/4	1		2	62	1077
398	1.0	133	133	1/2	1/2	3/4	2	1	1/4		1/4	1		-1	65	1077
398	1.0	133	133	1/2	1/2	3/4	2	1	1/4		1/4	1		-2	70	1077
398	0.3333333333333333	133	133	1/2	1/2	3/4	1	1	1/12		1/8	2/3		2	86	1072
1195/3	0.3333333333333333	133	133	7/12	7/12	3/4	1	1	1/12		1/8	2/3		-2	82	1073
1196/3	0.3333333333333333	133	133	2/3	2/3	3/4	1	1	1/12		1/8	2/3		2	74	1074
399	1.0	134	134	0	0	3/4	2	1	1/4		1/4	1		2	62	1087
399	1.0	134	134	0	0	3/4	2	1	1/4		1/4	1		-1	65	1087
399	0.3333333333333333	134	134	0	0	3/4	1	1	1/12		1/8	2/3		-2	82	1078
1198/3	0.3333333333333333	134	134	1/12	1/12	3/4	1	1	1/12		1/8	2/3		-1	77	1079
1199/3	0.3333333333333333	134	134	1/6	1/6	3/4	1	1	1/12		1/8	2/3		-2	70	1080
400	1.0	134	134	1/4	1/4	3/4	2	1	1/4		1/4	1		0	60	1088
400	1.0	134	134	1/4	1/4	3/4	2	1	1/4		1/4	1		4	64	1088
400	1.0	134	134	1/4	1/4	3/4	2	1	1/4		1/4	1		1	67	1088
400	0.3333333333333333	134	134	1/4	1/4	3/4	1	1	1/12		1/8	2/3		0	84	1081
1201/3	0.3333333333333333	134	134	1/3	1/3	3/4	1	1	1/12		1/8	2/3		1	79	1082
1202/3	0.3333333333333333	134	134	5/12	5/12	3/4	1	1	1/12		1/8	2/3		0	72	1083
401	1.0	134	134	1/2	1/2	3/4	2	1	1/4		1/4	1	1	-2	58	1089
401	1.0	134	134	1/2	1/2	3/4	2	1	1/4		1/4	1	1	2	62	1089
401	1.0	134	134	1/2	1/2	3/4	2	1	1/4		1/4	1	1	-1	65	1089
401	1.0	134	134	1/2	1/2	3/4	2	1	1/4		1/4	1	1	-2	70	1089
401	0.3333333333333333	134	134	1/2	1/2	3/4	1	1	1/12		1/8	2/3		2	86	1084
1204/3	0.3333333333333333	134	134	7/12	7/12	3/4	1	1	1/12		1/8	2/3		-2	82	1085
1205/3	0.3333333333333333	134	134	2/3	2/3	3/4	1	1	1/12		1/8	2/3		2	74	1086
402	1.0	135	135	0	0	3/4	2	1	1/4		1/4	1	-1	-2	58	1099
402	1.0	135	135	0	0	3/4	2	1	1/4		1/4	1	-1	2	62	1099
402	1.0	135	135	0	0	3/4	2	1	1/4		1/4	1	-1	-1	65	1099
402	1.0	135	135	0	0	3/4	2	1	1/4		1/4	1	-1	-2	70	1099
402	0.3333333333333333	135	135	0	0	3/4	1	1	1/12		1/8	2/3		2	86	1090
1207/3	0.3333333333333333	135	135	1/12	1/12	3/4	1	1	1/12		1/8	2/3		-2	82	1091
1208/3	0.3333333333333333	135	135	1/6	1/6	3/4	1	1	1/12		1/8	2/3		2	74	1092
403	1.0	135	135	1/4	1/4	3/4	2	1	1/4		1/4	1		-1	65	1100
403	0.3333333333333333	135	135	1/4	1/4	3/4	1	1	1/12		1/8	2/3		-2	82	1093
1210/3	0.3333333333333333	135	135	1/3	1/3	3/4	1	1	1/12		1/8	2/3		-1	77	1094
1211/3	0.3333333333333333	135	135	5/12	5/12	3/4	1	1	1/12		1/8	2/3		-2	70	1095
404	1.0	135	135	1/2	1/2	3/4	2	1	1/4		1/4	1		2	62	1101
404	0.3333333333333333	135	135	1/2	1/2	3/4	1	1	1/12		1/8	2/3		2	86	1096
1213/3	0.3333333333333333	135	135	7/12	7/12	3/4	1	1	1/12		1/8	2/3		-2	82	1097
1214/3	0.3333333333333333	135	135	2/3	2/3	3/4	1	1	1/12		1/8	2/3		2	74	1098
405	3.0	136	136	0	0	3/4	2	2	3/4		1/2	3/2		-2	58	1114
405	1.0	136	136	0	0	3/4	2	1	1/4		1/4	1		-2	70	1111
405	0.3333333333333333	136	136	0	0	3/4	1	1	1/12		1/8	2/3		2	86	1102
1216/3	0.3333333333333333	136	136	1/12	1/12	3/4	1	1	1/12		1/8	2/3		-2	82	1103
1217/3	0.3333333333333333	136	136	1/6	1/6	3/4	1	1	1/12		1/8	2/3		2	74	1104
406	1.0	136	136	1/4	1/4	3/4	2	1	1/4		1/4	1		-1	65	1112
406	0.3333333333333333	136	136	1/4	1/4	3/4	1	1	1/12		1/8	2/3		-2	82	1105
1219/3	0.3333333333333333	136	136	1/3	1/3	3/4	1	1	1/12		1/8	2/3		-1	77	1106
1220/3	0.3333333333333333	136	136	5/12	5/12	3/4	1	1	1/12		1/8	2/3		-2	70	1107
407	1.0	136	136	1/2	1/2	3/4	2	1	1/4		1/4	1		2	62	1113
407	0.3333333333333333	136	136	1/2	1/2	3/4	1	1	1/12		1/8	2/3		2	86	1108
1222/3	0.3333333333333333	136	136	7/12	7/12	3/4	1	1	1/12		1/8	2/3		-2	82	1109
1223/3	0.3333333333333333	136	136	2/3	2/3	3/4	1	1	1/12		1/8	2/3		2	74	1110
408	1.0	137	137	0	0	3/4	2	1	1/4		1/4	1		3	33	1117
408	1.0	137	137	0	0	3/4	2	1	1/4		1/4	1		3	45	1117
409	2.0	137	137	1/4	1/4	3/4	2	2	1/2		1/2	1		1	55	1120
409	2.0	137	137	1/4	1/4	3/4	2	2	1/2		1/2	1		3	57	1120
409	2.0	137	137	1/4	1/4	3/4	2	2	1/2		1/2	1		7	61	1120
409	1.0	137	137	1/4	1/4	3/4	2	1	1/4		1/4	1		-1	65	1118
409	1.0	137	137	1/4	1/4	3/4	1	1	1/4		1/4	1		3	81	1115
409	1.0	137	137	1/4	1/4	3/4	1	1	1/4		1/4	1		-1	89	1115
409	1.0	137	137	1/4	1/4	3/4	1	1	1/4		1/4	1		3	93	1115
410	1.0	137	137	1/2	1/2	3/4	2	1	1/4		1/4	1		4	64	1119
410	1.0	137	137	1/2	1/2	3/4	1	1	1/4		1/4	1		1	67	1116
410	1.0	137	137	1/2	1/2	3/4	1	1	1/4		1/4	1		4	76	1116
410	1.0	137	137	1/2	1/2	3/4	1	1	1/4		1/4	1		1	79	1116
411	1.0	138	138	0	0	3/4	2	1	1/4		1/4	1		2	26	1126
411	1.0	138	138	0	0	3/4	2	1	1/4		1/4	1		2	38	1126
411	1.0	138	138	0	0	3/4	1	1	1/4		1/4	1		-1	65	1121
411	1.0	138	138	0	0	3/4	1	1	1/4		1/4	1		2	74	1121
411	1.0	138	138	0	0	3/4	1	1	1/4		1/4	1		-1	77	1121
412	1.0	138	138	1/4	1/4	3/4	2	1	1/4		1/4	1		-1	53	1127
412	1.0	138	138	1/4	1/4	3/4	2	1	1/4		1/4	1		3	57	1127
412	0.5	138	138	1/4	1/4	3/4	1	1	1/8		1/8	1		4	64	1122
412	2.0	138	138	1/4	1/4	3/4	1	2	1/2		1/2	1		3	69	1125
412	0.5	138	138	1/4	1/4	3/4	1	1	1/8		1/8	1		4	76	1122
825/2	0.5	138	138	3/8	3/8	3/4	1	1	1/8		1/8	1		-1	65	1123
825/2	0.5	138	138	3/8	3/8	3/4	1	1	1/8		1/8	1		-1	77	1123
413	1.0	138	138	1/2	1/2	3/4	2	1	1/4		1/4	1		2	26	1128
413	1.0	138	138	1/2	1/2	3/4	2	1	1/4		1/4	1		2	38	1128
413	1.0	138	138	1/2	1/2	3/4	1	1	1/4		1/4	1	1	2	62	1124
413	1.0	138	138	1/2	1/2	3/4	1	1	1/4		1/4	1	1	2	74	1124
414	1.0	139	139	0	0	3/4	2	1	1/4		1/4	1		4	28	1135
414	1.0	139	139	0	0	3/4	2	1	1/4		1/4	1		4	40	1135
414	0.5	139	139	0	0	3/4	1	1	1/8		1/8	1	-1	2	62	1129
414	2.0	139	139	0	0	3/4	1	2	1/2		1/2	1		1	67	1134
414	2.0	139	139	0	0	3/4	1	2	1/2		1/2	1		-2	70	1134
414	0.5	139	139	0	0	3/4	1	1	1/8		1/8	1	-1	2	74	1129
829/2	0.5	139	139	1/8	1/8	3/4	1	1	1/8		1/8	1		4	64	1130
829/2	0.5	139	139	1/8	1/8	3/4	1	1	1/8		1/8	1		4	76	1130
415	1.0	139	139	1/4	1/4	3/4	2	1	1/4		1/4	1		0	48	1136
415	1.0	139	139	1/4	1/4	3/4	2	1	1/4		1/4	1		1	55	1136
415	1.0	139	139	1/4	1/4	3/4	2	1	1/4		1/4	1		-2	58	1136
415	1.0	139	139	1/4	1/4	3/4	1	1	1/4		1/4	1		0	60	1131
415	1.0	139	139	1/4	1/4	3/4	1	1	1/4		1/4	1		0	72	1131
416	1.0	139	139	1/2	1/2	3/4	2	1	1/4		1/4	1		0	36	1137
416	1.0	139	139	1/2	1/2	3/4	2	1	1/4		1/4	1		0	48	1137
416	0.5	139	139	1/2	1/2	3/4	1	1	1/8		1/8	1		1	55	1132
416	0.5	139	139	1/2	1/2	3/4	1	1	1/8		1/8	1		4	64	1132
416	0.5	139	139	1/2	1/2	3/4	1	1	1/8		1/8	1		1	67	1132
833/2	0.5	139	139	5/8	5/8	3/4	1	1	1/8		1/8	1		-2	58	1133
833/2	0.5	139	139	5/8	5/8	3/4	1	1	1/8		1/8	1		-2	70	1133
417	2.0	140	140	0	0	3/4	2	1	1/2		1/2	1		-2	34	1142
417	2.0	140	140	0	0	3/4	2	1	1/2		1/2	1		-2	46	1142
417	1.0	140	140	0	0	3/4	1	1	1/4		1/4	1		2	62	1138
417	1.0	140	140	0	0	3/4	1	1	1/4		1/4	1		-1	65	1138
417	1.0	140	140	0	0	3/4	1	1	1/4		1/4	1		-2	70	1138
417	1.0	140	140	0	0	3/4	1	1	1/4		1/4	1		2	74	1138
418	0.5	140	140	1/4	1/4	3/4	1	1	1/8		1/8	1		4	64	1139
418	0.5	140	140	1/4	1/4	3/4	1	1	1/8		1/8	1		4	76	1139
837/2	0.5	140	140	3/8	3/8	3/4	1	1	1/8		1/8	1		-1	65	1140
837/2	0.5	140	140	3/8	3/8	3/4	1	1	1/8		1/8	1		-1	77	1140
419	1.0	140	140	1/2	1/2	3/4	2	1	1/4		1/4	1	1	-1	53	1143
419	1.0	140	140	1/2	1/2	3/4	2	1	1/4		1/4	1	1	-2	58	1143
419	1.0	140	140	1/2	1/2	3/4	2	1	1/4		1/4	1	1	2	62	1143
419	1.0	140	140	1/2	1/2	3/4	2	1	1/4		1/4	1	1	-1	65	1143
419	1.0	140	140	1/2	1/2	3/4	1	1	1/4		1/4	1	1	1	67	1141
419	1.0	140	140	1/2	1/2	3/4	1	1	1/4		1/4	1	1	-2	70	1141
419	1.0	140	140	1/2	1/2	3/4	1	1	1/4		1/4	1	1	2	74	1141
419	1.0	140	140	1/2	1/2	3/4	1	1	1/4		1/4	1	1	1	79	1141
420	1.0	141	141	0	0	3/4	2	1	1/4		1/4	1	-1	-1	53	1147
420	1.0	141	141	0	0	3/4	2	1	1/4		1/4	1	-1	-2	58	1147
420	1.0	141	141	0	0	3/4	2	1	1/4		1/4	1	-1	2	62	1147
420	1.0	141	141	0	0	3/4	2	1	1/4		1/4	1	-1	-1	65	1147
420	1.0	141	141	0	0	3/4	1	1	1/4		1/4	1	-1	1	67	1144
420	1.0	141	141	0	0	3/4	1	1	1/4		1/4	1	-1	-2	70	1144
420	1.0	141	141	0	0	3/4	1	1	1/4		1/4	1	-1	2	74	1144
420	1.0	141	141	0	0	3/4	1	1	1/4		1/4	1	-1	1	79	1144
421	1.0	141	141	1/4	1/4	3/4	1	1	1/4		1/4	1		-1	65	1145
421	1.0	141	141	1/4	1/4	3/4	1	1	1/4		1/4	1		-1	77	1145
422	1.0	141	141	1/2	1/2	3/4	2	1	1/4		1/4	1		2	50	1148
422	1.0	141	141	1/2	1/2	3/4	2	1	1/4		1/4	1		-1	53	1148
422	1.0	141	141	1/2	1/2	3/4	2	1	1/4		1/4	1		-2	58	1148
422	1.0	141	141	1/2	1/2	3/4	2	1	1/4		1/4	1		2	62	1148
422	1.0	141	141	1/2	1/2	3/4	1	1	1/4		1/4	1		1	67	1146
422	1.0	141	141	1/2	1/2	3/4	1	1	1/4		1/4	1		-2	70	1146
422	1.0	141	141	1/2	1/2	3/4	1	1	1/4		1/4	1		2	74	1146
422	1.0	141	141	1/2	1/2	3/4	1	1	1/4		1/4	1		1	79	1146
423	2.0	142	142	0	0	3/4	2	1	1/2		1/2	1		-2	34	1153
423	2.0	142	142	0	0	3/4	2	1	1/2		1/2	1		-2	46	1153
423	1.0	142	142	0	0	3/4	1	1	1/4		1/4	1		2	62	1149
423	1.0	142	142	0	0	3/4	1	1	1/4		1/4	1		-1	65	1149
423	1.0	142	142	0	0	3/4	1	1	1/4		1/4	1		-2	70	1149
423	1.0	142	142	0	0	3/4	1	1	1/4		1/4	1		2	74	1149
424	0.5	142	142	1/4	1/4	3/4	1	1	1/8		1/8	1		2	62	1150
424	0.5	142	142	1/4	1/4	3/4	1	1	1/8		1/8	1		2	74	1150
849/2	0.5	142	142	3/8	3/8	3/4	1	1	1/8		1/8	1		4	64	1151
849/2	0.5	142	142	3/8	3/8	3/4	1	1	1/8		1/8	1		4	76	1151
425	1.0	142	142	1/2	1/2	3/4	2	1	1/4		1/4	1	1	-1	53	1154
425	1.0	142	142	1/2	1/2	3/4	2	1	1/4		1/4	1	1	-2	58	1154
425	1.0	142	142	1/2	1/2	3/4	2	1	1/4		1/4	1	1	2	62	1154
425	1.0	142	142	1/2	1/2	3/4	2	1	1/4		1/4	1	1	-1	65	1154
425	1.0	142	142	1/2	1/2	3/4	1	1	1/4		1/4	1	1	1	67	1152
425	1.0	142	142	1/2	1/2	3/4	1	1	1/4		1/4	1	1	-2	70	1152
425	1.0	142	142	1/2	1/2	3/4	1	1	1/4		1/4	1	1	2	74	1152
425	1.0	142	142	1/2	1/2	3/4	1	1	1/4		1/4	1	1	1	79	1152
426	1.0	143	143	0	0	3/4	2	1	1/4		1/4	1	-1	-1	53	1158
426	1.0	143	143	0	0	3/4	2	1	1/4		1/4	1	-1	-2	58	1158
426	1.0	143	143	0	0	3/4	2	1	1/4		1/4	1	-1	2	62	1158
426	1.0	143	143	0	0	3/4	2	1	1/4		1/4	1	-1	-1	65	1158
426	1.0	143	143	0	0	3/4	1	1	1/4		1/4	1	-1	1	67	1155
426	1.0	143	143	0	0	3/4	1	1	1/4		1/4	1	-1	-2	70	1155
426	1.0	143	143	0	0	3/4	1	1	1/4		1/4	1	-1	2	74	1155
426	1.0	143	143	0	0	3/4	1	1	1/4		1/4	1	-1	1	79	1155
427	1.0	143	143	1/4	1/4	3/4	1	1	1/4		1/4	1		-1	65	1156
427	1.0	143	143	1/4	1/4	3/4	1	1	1/4		1/4	1		-1	77	1156
428	1.0	143	143	1/2	1/2	3/4	2	1	1/4		1/4	1		-2	58	1159
428	1.0	143	143	1/2	1/2	3/4	2	1	1/4		1/4	1		2	62	1159
428	1.0	143	143	1/2	1/2	3/4	1	1	1/4		1/4	1		1	67	1157
428	1.0	143	143	1/2	1/2	3/4	1	1	1/4		1/4	1		-2	70	1157
428	1.0	143	143	1/2	1/2	3/4	1	1	1/4		1/4	1		2	74	1157
428	1.0	143	143	1/2	1/2	3/4	1	1	1/4		1/4	1		1	79	1157
429	1.0	144	144	0	0	3/4	2	1	1/4		1/4	1		-5	61	1164
429	1.0	144	144	0	0	3/4	2	1	1/4		1/4	1		-1	65	1164
429	1.0	144	144	0	0	3/4	2	1	1/4		1/4	1		1	67	1164
429	1.0	144	144	0	0	3/4	1	2	1/4		1/4	1		-2	70	1163
429	1.0	144	144	0	0	3/4	1	2	1/4		1/4	1		-5	73	1163
429	1.0	144	144	0	0	3/4	1	2	1/4		1/4	1		-2	82	1163
859/2	0.5	144	144	1/8	1/8	3/4	1	1	1/8		1/8	1		1	67	1160
430	1.0	144	144	1/4	1/4	3/4	1	1	1/4		1/4	1		1	67	1161
431	1.0	144	144	1/2	1/2	3/4	1	1	1/4		1/4	1		3	69	1162
865/2	0.5	145	145	1/8	1/8	3/4	1	1	1/8		1/8	1		-2	70	1165
433	1.0	145	145	1/4	1/4	3/4	1	1	1/4		1/4	1		-2	70	1166
434	1.0	145	145	1/2	1/2	3/4	1	1	1/4		1/4	1		0	72	1167
435	1.0	146	146	0	0	3/4	2	1	1/4		1/4	1		-2	58	1173
435	1.0	146	146	0	0	3/4	2	1	1/4		1/4	1		2	62	1173
435	1.0	146	146	0	0	3/4	2	1	1/4		1/4	1		-1	65	1173
871/2	0.5	146	146	1/8	1/8	3/4	1	1	1/8		1/8	1		1	67	1168
436	1.0	146	146	1/4	1/4	3/4	2	1	1/4		1/4	1		0	48	1174
436	0.5	146	146	1/4	1/4	3/4	1	1	1/8		1/8	1		1	67	1169
873/2	0.5	146	146	3/8	3/8	3/4	1	1	1/8		1/8	1		3	69	1170
437	1.0	146	146	1/2	1/2	3/4	2	1	1/4		1/4	1		-2	58	1175
437	1.0	146	146	1/2	1/2	3/4	2	1	1/4		1/4	1		2	62	1175
437	1.0	146	146	1/2	1/2	3/4	2	1	1/4		1/4	1		-1	65	1175
437	0.5	146	146	1/2	1/2	3/4	1	1	1/8		1/8	1		-2	70	1171
875/2	0.5	146	146	5/8	5/8	3/4	1	1	1/8		1/8	1		0	72	1172
438	1.0	147	147	0	0	3/4	2	1	1/4		1/4	1		0	48	1182
438	0.5	147	147	0	0	3/4	1	1	1/8		1/8	1		1	67	1176
877/2	0.5	147	147	1/8	1/8	3/4	1	1	1/8		1/8	1		3	69	1177
439	1.0	147	147	1/4	1/4	3/4	2	1	1/4		1/4	1		1	55	1183
439	1.0	147	147	1/4	1/4	3/4	2	1	1/4		1/4	1		-2	58	1183
439	1.0	147	147	1/4	1/4	3/4	2	1	1/4		1/4	1		2	62	1183
439	1.0	147	147	1/4	1/4	3/4	2	1	1/4		1/4	1		4	64	1183
439	0.5	147	147	1/4	1/4	3/4	1	1	1/8		1/8	1		-2	70	1178
879/2	0.5	147	147	3/8	3/8	3/4	1	1	1/8		1/8	1		0	72	1179
440	1.0	147	147	1/2	1/2	3/4	2	1	1/4		1/4	1		0	48	1184
440	0.5	147	147	1/2	1/2	3/4	1	1	1/8		1/8	1		2	74	1180
881/2	0.5	147	147	5/8	5/8	3/4	1	1	1/8		1/8	1		4	76	1181
441	2.0	148	148	0	0	3/4	2	1	1/2		1/2	1		-1	29	1187
441	2.0	148	148	0	0	3/4	2	1	1/2		1/2	1		-1	41	1187
441	2.0	148	148	0	0	3/4	1	1	1/2		1/2	1		1	67	1185
441	2.0	148	148	0	0	3/4	1	1	1/2		1/2	1		0	72	1185
441	2.0	148	148	0	0	3/4	1	1	1/2		1/2	1		1	79	1185
443	1.0	148	148	1/2	1/2	3/4	2	1	1/4		1/4	1	1	0	48	1188
443	1.0	148	148	1/2	1/2	3/4	2	1	1/4		1/4	1	1	3	57	1188
443	1.0	148	148	1/2	1/2	3/4	2	1	1/4		1/4	1	1	0	60	1188
443	1.0	148	148	1/2	1/2	3/4	1	1	1/4		1/4	1	1	-1	65	1186
443	1.0	148	148	1/2	1/2	3/4	1	1	1/4		1/4	1	1	0	72	1186
443	1.0	148	148	1/2	1/2	3/4	1	1	1/4		1/4	1	1	-1	77	1186
444	1.0	149	149	0	0	3/4	2	1	1/4		1/4	1	-1	0	48	1191
444	1.0	149	149	0	0	3/4	2	1	1/4		1/4	1	-1	3	57	1191
444	1.0	149	149	0	0	3/4	2	1	1/4		1/4	1	-1	0	60	1191
444	1.0	149	149	0	0	3/4	1	1	1/4		1/4	1	-1	-1	65	1189
444	1.0	149	149	0	0	3/4	1	1	1/4		1/4	1	-1	0	72	1189
444	1.0	149	149	0	0	3/4	1	1	1/4		1/4	1	-1	-1	77	1189
445	2.0	149	149	1/4	1/4	3/4	2	1	1/2		1/2	1		3	57	1192
445	2.0	149	149	1/4	1/4	3/4	2	1	1/2		1/2	1		0	60	1192
445	2.0	149	149	1/4	1/4	3/4	2	1	1/2		1/2	1		-1	65	1192
445	2.0	149	149	1/4	1/4	3/4	2	1	1/2		1/2	1		3	69	1192
445	2.0	149	149	1/4	1/4	3/4	1	1	1/2		1/2	1		-1	77	1190
445	2.0	149	149	1/4	1/4	3/4	1	1	1/2		1/2	1		0	84	1190
445	2.0	149	149	1/4	1/4	3/4	1	1	1/2		1/2	1		-1	89	1190
447	3.0	150	150	0	0	3/4	2	1	3/4		1/2	3/2	1	-1	29	1194
447	3.0	150	150	0	0	3/4	2	1	3/4		1/2	3/2	1	-1	41	1194
447	3.0	150	150	0	0	3/4	1	1	3/4		1/2	3/2	1	-1	53	1193
450	1.0	151	151	0	0	3/4	2	1	1/4		1/4	1	-1	-1	29	1196
450	1.0	151	151	0	0	3/4	2	1	1/4		1/4	1	-1	-1	41	1196
450	1.0	151	151	0	0	3/4	1	1	1/4		1/4	1	-1	-1	53	1195
