quarterbeats	duration_qb	mc	mn	mc_onset	mn_onset	timesig	staff	voice	duration	nominal_duration	scalar	tied	tpc	midi	chord_id
0	2.0	1	1	0	0	3/4	2	1	1/2	1/2	1	1	-2	46	2
1	1.0	1	1	1/4	1/4	3/4	1	1	1/4	1/4	1		1	55	0
1	1.0	1	1	1/4	1/4	3/4	1	1	1/4	1/4	1		-5	61	0
1	1.0	1	1	1/4	1/4	3/4	1	1	1/4	1/4	1		-1	65	0
2	0.75	1	1	1/2	1/2	3/4	2	1	3/16	1/8	3/2	-1	-2	46	3
2	1.0	1	1	1/2	1/2	3/4	1	1	1/4	1/4	1		1	55	1
2	1.0	1	1	1/2	1/2	3/4	1	1	1/4	1/4	1		0	60	1
2	1.0	1	1	1/2	1/2	3/4	1	1	1/4	1/4	1		-1	65	1
11/4	0.25	1	1	11/16	11/16	3/4	2	1	1/16	1/16	1		0	48	4
3	2.0	2	2	0	0	3/4	2	1	1/2	1/2	1	1	-5	49	7
4	1.0	2	2	1/4	1/4	3/4	1	1	1/4	1/4	1		1	55	5
4	1.0	2	2	1/4	1/4	3/4	1	1	1/4	1/4	1		-2	58	5
4	1.0	2	2	1/4	1/4	3/4	1	1	1/4	1/4	1		-1	65	5
5	0.75	2	2	1/2	1/2	3/4	2	1	3/16	1/8	3/2	-1	-5	49	8
5	1.0	2	2	1/2	1/2	3/4	1	1	1/4	1/4	1		1	55	6
5	1.0	2	2	1/2	1/2	3/4	1	1	1/4	1/4	1		-2	58	6
5	1.0	2	2	1/2	1/2	3/4	1	1	1/4	1/4	1		-3	63	6
23/4	0.25	2	2	11/16	11/16	3/4	2	1	1/16	1/16	1		-3	51	9
6	2.0	3	3	0	0	3/4	2	1	1/2	1/2	1	1	-8	52	12
7	1.0	3	3	1/4	1/4	3/4	1	1	1/4	1/4	1		-2	58	10
7	1.0	3	3	1/4	1/4	3/4	1	1	1/4	1/4	1		-5	61	10
7	1.0	3	3	1/4	1/4	3/4	1	1	1/4	1/4	1		-4	68	10
8	0.75	3	3	1/2	1/2	3/4	2	1	3/16	1/8	3/2	-1	-8	52	13
8	1.0	3	3	1/2	1/2	3/4	1	1	1/4	1/4	1		-2	58	11
8	1.0	3	3	1/2	1/2	3/4	1	1	1/4	1/4	1		-5	61	11
8	1.0	3	3	1/2	1/2	3/4	1	1	1/4	1/4	1		-4	68	11
35/4	0.25	3	3	11/16	11/16	3/4	2	1	1/16	1/16	1		-5	49	14
9	2.0	4	4	0	0	3/4	2	1	1/2	1/2	1	1	-6	42	17
10	1.0	4	4	1/4	1/4	3/4	1	1	1/4	1/4	1		-2	58	15
10	1.0	4	4	1/4	1/4	3/4	1	1	1/4	1/4	1		-8	64	15
10	1.0	4	4	1/4	1/4	3/4	1	1	1/4	1/4	1		-4	68	15
11	0.75	4	4	1/2	1/2	3/4	2	1	3/16	1/8	3/2	-1	-6	42	18
11	1.0	4	4	1/2	1/2	3/4	1	1	1/4	1/4	1		-2	58	16
11	1.0	4	4	1/2	1/2	3/4	1	1	1/4	1/4	1		-3	63	16
11	1.0	4	4	1/2	1/2	3/4	1	1	1/4	1/4	1		-6	66	16
47/4	0.25	4	4	11/16	11/16	3/4	2	1	1/16	1/16	1		-4	44	19
12	2.0	5	5	0	0	3/4	2	1	1/2	1/2	1	1	-2	46	22
13	1.0	5	5	1/4	1/4	3/4	1	1	1/4	1/4	1		1	55	20
13	1.0	5	5	1/4	1/4	3/4	1	1	1/4	1/4	1		-5	61	20
13	1.0	5	5	1/4	1/4	3/4	1	1	1/4	1/4	1		-1	65	20
14	0.75	5	5	1/2	1/2	3/4	2	1	3/16	1/8	3/2	-1	-2	46	23
14	1.0	5	5	1/2	1/2	3/4	1	1	1/4	1/4	1		1	55	21
14	1.0	5	5	1/2	1/2	3/4	1	1	1/4	1/4	1		0	60	21
14	1.0	5	5	1/2	1/2	3/4	1	1	1/4	1/4	1		-1	65	21
59/4	0.25	5	5	11/16	11/16	3/4	2	1	1/16	1/16	1		0	48	24
15	2.0	6	6	0	0	3/4	2	1	1/2	1/2	1	1	-5	49	27
16	1.0	6	6	1/4	1/4	3/4	1	1	1/4	1/4	1		1	55	25
16	1.0	6	6	1/4	1/4	3/4	1	1	1/4	1/4	1		-2	58	25
16	1.0	6	6	1/4	1/4	3/4	1	1	1/4	1/4	1		-1	65	25
17	0.75	6	6	1/2	1/2	3/4	2	1	3/16	1/8	3/2	-1	-5	49	28
17	1.0	6	6	1/2	1/2	3/4	1	1	1/4	1/4	1		1	55	26
17	1.0	6	6	1/2	1/2	3/4	1	1	1/4	1/4	1		-2	58	26
17	1.0	6	6	1/2	1/2	3/4	1	1	1/4	1/4	1		-3	63	26
71/4	0.25	6	6	11/16	11/16	3/4	2	1	1/16	1/16	1		-3	51	29
18	2.0	7	7	0	0	3/4	2	1	1/2	1/2	1	1	4	52	31
19	2.0	7	7	1/4	1/4	3/4	1	1	1/2	1/2	1	1	3	57	30
19	2.0	7	7	1/4	1/4	3/4	1	1	1/2	1/2	1	1	0	60	30
19	2.0	7	7	1/4	1/4	3/4	1	1	1/2	1/2	1	1	1	67	30
20	0.75	7	7	1/2	1/2	3/4	2	1	3/16	1/8	3/2	-1	4	52	32
83/4	0.25	7	7	11/16	11/16	3/4	2	1	1/16	1/16	1		3	45	33
21	2.0	8	8	0	0	3/4	2	1	1/2	1/2	1	1	2	38	36
21	3.0	8	8	0	0	3/4	1	2	3/4	1/2	3/2	0	3	57	35
21	3.0	8	8	0	0	3/4	1	2	3/4	1/2	3/2	0	0	60	35
21	3.0	8	8	0	0	3/4	1	2	3/4	1/2	3/2	0	1	67	35
22	2.0	8	8	1/4	1/4	3/4	1	1	1/2	1/2	1	1	5	71	34
23	0.75	8	8	1/2	1/2	3/4	2	1	3/16	1/8	3/2	-1	2	38	37
95/4	0.25	8	8	11/16	11/16	3/4	2	1	1/16	1/16	1		3	45	38
24	1.0	9	9	0	0	3/4	2	1	1/4	1/4	1		4	52	42
24	1.0	9	9	0	0	3/4	1	2	1/4	1/4	1	-1	3	57	41
24	1.0	9	9	0	0	3/4	1	2	1/4	1/4	1	-1	0	60	41
24	1.0	9	9	0	0	3/4	1	2	1/4	1/4	1	-1	1	67	41
24	2.0	9	9	0	0	3/4	1	1	1/2	1/2	1	-1	5	71	39
25	1.0	9	9	1/4	1/4	3/4	2	1	1/4	1/4	1		1	55	43
25	1.0	9	9	1/4	1/4	3/4	2	1	1/4	1/4	1		3	57	43
25	1.0	9	9	1/4	1/4	3/4	2	1	1/4	1/4	1		0	60	43
25	1.0	9	9	1/4	1/4	3/4	2	1	1/4	1/4	1		1	67	43
26	1.0	9	9	1/2	1/2	3/4	2	1	1/4	1/4	1	1	6	54	44
26	1.0	9	9	1/2	1/2	3/4	2	1	1/4	1/4	1	1	3	57	44
26	1.0	9	9	1/2	1/2	3/4	2	1	1/4	1/4	1	1	0	60	44
26	1.0	9	9	1/2	1/2	3/4	2	1	1/4	1/4	1	1	6	66	44
26	1.0	9	9	1/2	1/2	3/4	1	1	1/4	1/4	1		3	69	40
27	1.0	10	10	0	0	3/4	2	1	1/4	1/4	1	-1	6	54	48
27	1.0	10	10	0	0	3/4	2	1	1/4	1/4	1	-1	3	57	48
27	1.0	10	10	0	0	3/4	2	1	1/4	1/4	1	-1	0	60	48
27	1.0	10	10	0	0	3/4	2	1	1/4	1/4	1	-1	6	66	48
27	2.0	10	10	0	0	3/4	1	1	1/2	1/2	1	1	2	74	45
28	1.0	10	10	1/4	1/4	3/4	2	1	1/4	1/4	1		4	52	49
28	1.0	10	10	1/4	1/4	3/4	2	1	1/4	1/4	1		1	55	49
28	1.0	10	10	1/4	1/4	3/4	2	1	1/4	1/4	1		0	60	49
28	1.0	10	10	1/4	1/4	3/4	2	1	1/4	1/4	1		4	64	49
29	1.0	10	10	1/2	1/2	3/4	2	1	1/4	1/4	1		2	50	50
29	1.0	10	10	1/2	1/2	3/4	2	1	1/4	1/4	1		6	54	50
29	1.0	10	10	1/2	1/2	3/4	2	1	1/4	1/4	1		0	60	50
29	1.0	10	10	1/2	1/2	3/4	2	1	1/4	1/4	1		2	62	50
29	0.75	10	10	1/2	1/2	3/4	1	1	3/16	1/8	3/2	-1	2	74	46
119/4	0.25	10	10	11/16	11/16	3/4	1	1	1/16	1/16	1		2	74	47
30	3.0	11	11	0	0	3/4	1	1	3/4	1/2	3/2	1	1	79	51
31	2.0	11	11	1/4	1/4	3/4	2	1	1/2	1/2	1	1	2	50	55
31	2.0	11	11	1/4	1/4	3/4	2	1	1/2	1/2	1	1	1	55	55
31	1.0	11	11	1/4	1/4	3/4	1	2	1/4	1/4	1		0	60	52
31	2.0	11	11	1/4	1/4	3/4	1	3	1/2	1/2	1	1	2	62	54
32	1.0	11	11	1/2	1/2	3/4	1	2	1/4	1/4	1	1	3	57	53
131/4	0.25	11	11	11/16	11/16	3/4	2	2	1/16	1/16	1		2	38	56
33	2.0	12	12	0	0	3/4	2	2	1/2	1/2	1	1	1	43	63
33	3.0	12	12	0	0	3/4	2	1	3/4	1/2	3/2	0	2	50	62
33	3.0	12	12	0	0	3/4	2	1	3/4	1/2	3/2	0	1	55	62
33	1.0	12	12	0	0	3/4	1	2	1/4	1/4	1	-1	3	57	58
33	3.0	12	12	0	0	3/4	1	3	3/4	1/2	3/2	0	2	62	61
33	3.0	12	12	0	0	3/4	1	1	3/4	1/2	3/2	0	1	79	57
34	1.0	12	12	1/4	1/4	3/4	1	2	1/4	1/4	1		10	58	59
35	0.75	12	12	1/2	1/2	3/4	2	2	3/16	1/8	3/2	-1	1	43	64
35	1.0	12	12	1/2	1/2	3/4	1	2	1/4	1/4	1	1	5	59	60
143/4	0.25	12	12	11/16	11/16	3/4	2	2	1/16	1/16	1		2	50	65
36	2.0	13	13	0	0	3/4	2	2	1/2	1/2	1	1	1	43	74
36	1.0	13	13	0	0	3/4	2	1	1/4	1/4	1	-1	2	50	72
36	1.0	13	13	0	0	3/4	2	1	1/4	1/4	1	-1	1	55	72
36	1.0	13	13	0	0	3/4	1	2	1/4	1/4	1	-1	5	59	67
36	1.0	13	13	0	0	3/4	1	3	1/4	1/4	1	-1	2	62	70
36	2.0	13	13	0	0	3/4	1	1	1/2	1/2	1	-1	1	79	66
37	2.0	13	13	1/4	1/4	3/4	2	1	1/2	1/2	1	1	2	50	73
37	2.0	13	13	1/4	1/4	3/4	2	1	1/2	1/2	1	1	1	55	73
37	1.0	13	13	1/4	1/4	3/4	1	2	1/4	1/4	1		0	60	68
37	2.0	13	13	1/4	1/4	3/4	1	3	1/2	1/2	1	1	2	62	71
38	0.75	13	13	1/2	1/2	3/4	2	2	3/16	1/8	3/2	-1	1	43	75
38	1.0	13	13	1/2	1/2	3/4	1	2	1/4	1/4	1	1	3	57	69
155/4	0.25	13	13	11/16	11/16	3/4	2	2	1/16	1/16	1		2	38	76
39	1.0	14	14	0	0	3/4	2	2	1/4	1/4	1		1	43	82
39	1.0	14	14	0	0	3/4	2	1	1/4	1/4	1	-1	2	50	81
39	1.0	14	14	0	0	3/4	2	1	1/4	1/4	1	-1	1	55	81
39	1.0	14	14	0	0	3/4	1	2	1/4	1/4	1	-1	3	57	77
39	1.0	14	14	0	0	3/4	1	3	1/4	1/4	1	-1	2	62	80
40	1.0	14	14	1/4	1/4	3/4	1	2	1/4	1/4	1		10	58	78
41	1.0	14	14	1/2	1/2	3/4	1	2	1/4	1/4	1		5	59	79
42	2.0	15	15	0	0	3/4	2	1	1/2	1/2	1	1	-2	46	85
43	1.0	15	15	1/4	1/4	3/4	1	1	1/4	1/4	1		1	55	83
43	1.0	15	15	1/4	1/4	3/4	1	1	1/4	1/4	1		-5	61	83
43	1.0	15	15	1/4	1/4	3/4	1	1	1/4	1/4	1		-1	65	83
44	0.75	15	15	1/2	1/2	3/4	2	1	3/16	1/8	3/2	-1	-2	46	86
44	1.0	15	15	1/2	1/2	3/4	1	1	1/4	1/4	1		1	55	84
44	1.0	15	15	1/2	1/2	3/4	1	1	1/4	1/4	1		0	60	84
44	1.0	15	15	1/2	1/2	3/4	1	1	1/4	1/4	1		-1	65	84
179/4	0.25	15	15	11/16	11/16	3/4	2	1	1/16	1/16	1		0	48	87
45	2.0	16	16	0	0	3/4	2	1	1/2	1/2	1	1	-5	49	90
46	1.0	16	16	1/4	1/4	3/4	1	1	1/4	1/4	1		1	55	88
46	1.0	16	16	1/4	1/4	3/4	1	1	1/4	1/4	1		-2	58	88
46	1.0	16	16	1/4	1/4	3/4	1	1	1/4	1/4	1		-1	65	88
47	0.75	16	16	1/2	1/2	3/4	2	1	3/16	1/8	3/2	-1	-5	49	91
47	1.0	16	16	1/2	1/2	3/4	1	1	1/4	1/4	1		1	55	89
47	1.0	16	16	1/2	1/2	3/4	1	1	1/4	1/4	1		-2	58	89
47	1.0	16	16	1/2	1/2	3/4	1	1	1/4	1/4	1		-3	63	89
191/4	0.25	16	16	11/16	11/16	3/4	2	1	1/16	1/16	1		-3	51	92
48	1.0	17	17	0	0	3/4	2	1	1/4	1/4	1		4	52	95
49	1.0	17	17	1/4	1/4	3/4	2	1	1/4	1/4	1		3	45	96
49	2.0	17	17	1/4	1/4	3/4	1	2	1/2	1/2	1		3	57	94
49	2.0	17	17	1/4	1/4	3/4	1	2	1/2	1/2	1		7	61	94
49	2.0	17	17	1/4	1/4	3/4	1	2	1/2	1/2	1		1	67	94
50	1.0	17	17	1/2	1/2	3/4	2	1	1/4	1/4	1		4	40	97
50	1.0	17	17	1/2	1/2	3/4	1	1	1/4	1/4	1	1	5	71	93
51	1.0	18	18	0	0	3/4	2	1	1/4	1/4	1		4	52	101
51	2.0	18	18	0	0	3/4	1	1	1/2	1/2	1	-1	5	71	98
52	1.0	18	18	1/4	1/4	3/4	2	1	1/4	1/4	1		3	45	102
52	2.0	18	18	1/4	1/4	3/4	1	2	1/2	1/2	1		3	57	100
52	2.0	18	18	1/4	1/4	3/4	1	2	1/2	1/2	1		7	61	100
52	2.0	18	18	1/4	1/4	3/4	1	2	1/2	1/2	1		1	67	100
53	1.0	18	18	1/2	1/2	3/4	2	1	1/4	1/4	1		4	40	103
53	1.0	18	18	1/2	1/2	3/4	1	1	1/4	1/4	1		3	69	99
54	1.0	19	19	0	0	3/4	2	1	1/4	1/4	1		4	52	108
54	2.0	19	19	0	0	3/4	1	1	1/2	1/2	1	1	2	74	104
55	1.0	19	19	1/4	1/4	3/4	2	1	1/4	1/4	1		3	45	109
55	2.0	19	19	1/4	1/4	3/4	1	2	1/2	1/2	1		3	57	107
55	2.0	19	19	1/4	1/4	3/4	1	2	1/2	1/2	1		5	59	107
55	2.0	19	19	1/4	1/4	3/4	1	2	1/2	1/2	1		2	62	107
55	2.0	19	19	1/4	1/4	3/4	1	2	1/2	1/2	1		1	67	107
56	1.0	19	19	1/2	1/2	3/4	2	1	1/4	1/4	1		2	38	110
56	0.75	19	19	1/2	1/2	3/4	1	1	3/16	1/8	3/2	-1	2	74	105
227/4	0.25	19	19	11/16	11/16	3/4	1	1	1/16	1/16	1		2	74	106
57	1.0	20	20	0	0	3/4	2	1	1/4	1/4	1		4	52	113
57	3.0	20	20	0	0	3/4	1	1	3/4	1/2	3/2	1	1	79	111
58	1.0	20	20	1/4	1/4	3/4	2	1	1/4	1/4	1		3	45	114
58	2.0	20	20	1/4	1/4	3/4	1	2	1/2	1/2	1	1	3	57	112
58	2.0	20	20	1/4	1/4	3/4	1	2	1/2	1/2	1	1	5	59	112
58	2.0	20	20	1/4	1/4	3/4	1	2	1/2	1/2	1	1	4	64	112
58	2.0	20	20	1/4	1/4	3/4	1	2	1/2	1/2	1	1	1	67	112
59	1.0	20	20	1/2	1/2	3/4	2	1	1/4	1/4	1	1	7	37	115
60	1.5	21	21	0	0	3/4	2	1	3/8	1/4	3/2	-1	7	37	118
60	3.0	21	21	0	0	3/4	1	2	3/4	1/2	3/2	-1	3	57	117
60	3.0	21	21	0	0	3/4	1	2	3/4	1/2	3/2	-1	5	59	117
60	3.0	21	21	0	0	3/4	1	2	3/4	1/2	3/2	-1	4	64	117
60	3.0	21	21	0	0	3/4	1	2	3/4	1/2	3/2	-1	1	67	117
60	1.0	21	21	0	0	3/4	1	1	1/4	1/4	1	-1	1	79	116
123/2	0.5	21	21	3/8	3/8	3/4	2	1	1/8	1/8	1		3	45	119
62	0.5	21	21	1/2	1/2	3/4	2	1	1/8	1/8	1		4	52	120
125/2	0.5	21	21	5/8	5/8	3/4	2	1	1/8	1/8	1		1	55	121
63	1.5	22	22	0	0	3/4	2	1	3/8	1/4	3/2		5	59	122
129/2	0.5	22	22	3/8	3/8	3/4	2	1	1/8	1/8	1		3	57	123
65	0.5	22	22	1/2	1/2	3/4	2	1	1/8	1/8	1		2	62	124
131/2	0.5	22	22	5/8	5/8	3/4	2	1	1/8	1/8	1		2	62	125
66	1.5	23	23	0	0	3/8	2	1	3/8	1/4	3/2	1	3	57	130
66	1.5	23	23	0	0	3/8	2	1	3/8	1/4	3/2	1	-3	63	130
66	1.5	23	23	0	0	3/8	2	1	3/8	1/4	3/2	1	1	67	130
133/2	0.25	23	23	1/8	1/8	3/8	1	1	1/16	1/16	1		5	71	126
267/4	0.25	23	23	3/16	3/16	3/8	1	1	1/16	1/16	1		3	69	127
67	0.5	23	23	1/4	1/4	3/8	2	2	1/8	1/8	1	1	0	48	131
67	0.25	23	23	1/4	1/4	3/8	1	1	1/16	1/16	1		2	74	128
269/4	0.25	23	23	5/16	5/16	3/8	1	1	1/16	1/16	1		2	74	129
135/2	0.5	24	24	0	0	3/8	2	2	1/8	1/8	1	-1	0	48	138
135/2	1.5	24	24	0	0	3/8	2	1	3/8	1/4	3/2	-1	3	57	137
135/2	1.5	24	24	0	0	3/8	2	1	3/8	1/4	3/2	-1	-3	63	137
135/2	1.5	24	24	0	0	3/8	2	1	3/8	1/4	3/2	-1	1	67	137
135/2	0.5	24	24	0	0	3/8	1	1	1/8	1/8	1		1	79	132
68	1.0	24	24	1/8	1/8	3/8	2	2	1/4	1/4	1		-1	41	139
68	0.25	24	24	1/8	1/8	3/8	1	1	1/16	1/16	1		5	83	133
273/4	0.25	24	24	3/16	3/16	3/8	1	1	1/16	1/16	1		3	81	134
137/2	0.25	24	24	1/4	1/4	3/8	1	1	1/16	1/16	1		2	86	135
275/4	0.25	24	24	5/16	5/16	3/8	1	1	1/16	1/16	1		2	86	136
69	1.5	25	25	0	0	3/8	2	1	3/8	1/4	3/2	1	-1	53	146
69	1.5	25	25	0	0	3/8	2	1	3/8	1/4	3/2	1	5	59	146
69	1.5	25	25	0	0	3/8	2	1	3/8	1/4	3/2	1	4	64	146
69	0.25	25	25	0	0	3/8	1	1	1/16	1/16	1		1	91	140
277/4	0.25	25	25	1/16	1/16	3/8	1	1	1/16	1/16	1		2	86	141
139/2	0.25	25	25	1/8	1/8	3/8	1	1	1/16	1/16	1		5	83	142
279/4	0.25	25	25	3/16	3/16	3/8	1	1	1/16	1/16	1		3	81	143
70	0.5	25	25	1/4	1/4	3/8	2	2	1/8	1/8	1	1	1	43	147
70	0.25	25	25	1/4	1/4	3/8	1	1	1/16	1/16	1		1	79	144
281/4	0.25	25	25	5/16	5/16	3/8	1	1	1/16	1/16	1		2	74	145
141/2	0.5	26	26	0	0	3/8	2	2	1/8	1/8	1	-1	1	43	155
141/2	1.5	26	26	0	0	3/8	2	1	3/8	1/4	3/2	-1	-1	53	154
141/2	1.5	26	26	0	0	3/8	2	1	3/8	1/4	3/2	-1	5	59	154
141/2	1.5	26	26	0	0	3/8	2	1	3/8	1/4	3/2	-1	4	64	154
141/2	0.25	26	26	0	0	3/8	1	1	1/16	1/16	1		5	71	148
283/4	0.25	26	26	1/16	1/16	3/8	1	1	1/16	1/16	1		3	69	149
71	1.0	26	26	1/8	1/8	3/8	2	2	1/4	1/4	1		2	38	156
71	0.25	26	26	1/8	1/8	3/8	1	1	1/16	1/16	1		1	67	150
285/4	0.25	26	26	3/16	3/16	3/8	1	1	1/16	1/16	1		2	62	151
143/2	0.25	26	26	1/4	1/4	3/8	1	1	1/16	1/16	1		5	59	152
287/4	0.25	26	26	5/16	5/16	3/8	1	1	1/16	1/16	1		3	57	153
72	1.5	27	27	0	0	3/8	2	1	3/8	1/4	3/2	1	3	57	161
72	1.5	27	27	0	0	3/8	2	1	3/8	1/4	3/2	1	-3	63	161
72	1.5	27	27	0	0	3/8	2	1	3/8	1/4	3/2	1	1	67	161
145/2	0.25	27	27	1/8	1/8	3/8	1	1	1/16	1/16	1		5	71	157
291/4	0.25	27	27	3/16	3/16	3/8	1	1	1/16	1/16	1		3	69	158
73	0.5	27	27	1/4	1/4	3/8	2	2	1/8	1/8	1	1	0	48	162
73	0.25	27	27	1/4	1/4	3/8	1	1	1/16	1/16	1		2	74	159
293/4	0.25	27	27	5/16	5/16	3/8	1	1	1/16	1/16	1		2	74	160
147/2	0.5	28	28	0	0	3/8	2	2	1/8	1/8	1	-1	0	48	169
147/2	1.5	28	28	0	0	3/8	2	1	3/8	1/4	3/2	-1	3	57	168
147/2	1.5	28	28	0	0	3/8	2	1	3/8	1/4	3/2	-1	-3	63	168
147/2	1.5	28	28	0	0	3/8	2	1	3/8	1/4	3/2	-1	1	67	168
147/2	0.5	28	28	0	0	3/8	1	1	1/8	1/8	1		1	79	163
74	1.0	28	28	1/8	1/8	3/8	2	2	1/4	1/4	1		-1	41	170
74	0.25	28	28	1/8	1/8	3/8	1	1	1/16	1/16	1		5	83	164
297/4	0.25	28	28	3/16	3/16	3/8	1	1	1/16	1/16	1		3	81	165
149/2	0.25	28	28	1/4	1/4	3/8	1	1	1/16	1/16	1		2	86	166
299/4	0.25	28	28	5/16	5/16	3/8	1	1	1/16	1/16	1		2	86	167
75	1.5	29	29	0	0	3/8	2	1	3/8	1/4	3/2	1	-1	53	177
75	1.5	29	29	0	0	3/8	2	1	3/8	1/4	3/2	1	5	59	177
75	1.5	29	29	0	0	3/8	2	1	3/8	1/4	3/2	1	4	64	177
75	0.25	29	29	0	0	3/8	1	1	1/16	1/16	1		1	91	171
301/4	0.25	29	29	1/16	1/16	3/8	1	1	1/16	1/16	1		2	86	172
151/2	0.25	29	29	1/8	1/8	3/8	1	1	1/16	1/16	1		5	83	173
303/4	0.25	29	29	3/16	3/16	3/8	1	1	1/16	1/16	1		3	81	174
76	0.5	29	29	1/4	1/4	3/8	2	2	1/8	1/8	1	1	1	43	178
76	0.25	29	29	1/4	1/4	3/8	1	1	1/16	1/16	1		1	79	175
305/4	0.25	29	29	5/16	5/16	3/8	1	1	1/16	1/16	1		2	74	176
153/2	0.5	30	30	0	0	3/8	2	2	1/8	1/8	1	-1	1	43	186
153/2	1.5	30	30	0	0	3/8	2	1	3/8	1/4	3/2	-1	-1	53	185
153/2	1.5	30	30	0	0	3/8	2	1	3/8	1/4	3/2	-1	5	59	185
153/2	1.5	30	30	0	0	3/8	2	1	3/8	1/4	3/2	-1	4	64	185
153/2	0.25	30	30	0	0	3/8	1	1	1/16	1/16	1		5	71	179
307/4	0.25	30	30	1/16	1/16	3/8	1	1	1/16	1/16	1		3	69	180
77	1.0	30	30	1/8	1/8	3/8	2	2	1/4	1/4	1		2	38	187
77	0.25	30	30	1/8	1/8	3/8	1	1	1/16	1/16	1		1	67	181
309/4	0.25	30	30	3/16	3/16	3/8	1	1	1/16	1/16	1		2	62	182
155/2	0.25	30	30	1/4	1/4	3/8	1	1	1/16	1/16	1		5	59	183
311/4	0.25	30	30	5/16	5/16	3/8	1	1	1/16	1/16	1	1	3	57	184
78	1.5	31	31	0	0	3/8	2	1	3/8	1/4	3/2		5	35	190
78	1.5	31	31	0	0	3/8	2	1	3/8	1/4	3/2		5	47	190
78	1.5	31	31	0	0	3/8	1	2	3/8	1/4	3/2	-1	3	57	189
78	1.5	31	31	0	0	3/8	1	1	3/8	1/4	3/2		5	59	188
78	1.5	31	31	0	0	3/8	1	1	3/8	1/4	3/2		9	63	188
78	1.5	31	31	0	0	3/8	1	1	3/8	1/4	3/2		1	67	188
159/2	1.5	32	32	0	0	3/8	2	1	3/8	1/4	3/2		3	33	192
159/2	1.5	32	32	0	0	3/8	2	1	3/8	1/4	3/2		3	45	192
159/2	1.5	32	32	0	0	3/8	1	1	3/8	1/4	3/2		5	59	191
159/2	1.5	32	32	0	0	3/8	1	1	3/8	1/4	3/2		7	61	191
159/2	1.5	32	32	0	0	3/8	1	1	3/8	1/4	3/2		1	67	191
159/2	1.5	32	32	0	0	3/8	1	1	3/8	1/4	3/2		5	71	191
81	1.5	33	33	0	0	3/8	2	2	3/8	1/4	3/2		2	38	195
81	1.5	33	33	0	0	3/8	2	2	3/8	1/4	3/2		2	50	195
81	1.5	33	33	0	0	3/8	2	1	3/8	1/4	3/2		6	54	194
81	1.5	33	33	0	0	3/8	1	1	3/8	1/4	3/2		0	60	193
81	1.5	33	33	0	0	3/8	1	1	3/8	1/4	3/2		4	64	193
165/2	1.5	34	34	0	0	3/8	2	2	3/8	1/4	3/2		2	38	198
165/2	1.5	34	34	0	0	3/8	2	2	3/8	1/4	3/2		2	50	198
165/2	1.5	34	34	0	0	3/8	2	1	3/8	1/4	3/2		-1	53	197
165/2	1.5	34	34	0	0	3/8	1	1	3/8	1/4	3/2		-2	58	196
165/2	1.5	34	34	0	0	3/8	1	1	3/8	1/4	3/2		-1	65	196
84	1.5	35	35	0	0	3/8	2	2	3/8	1/4	3/2	1	1	31	205
84	1.5	35	35	0	0	3/8	2	2	3/8	1/4	3/2	1	1	43	205
84	1.5	35	35	0	0	3/8	2	2	3/8	1/4	3/2	1	2	50	205
84	1.5	35	35	0	0	3/8	2	4	3/8	1/4	3/2	1	3	57	206
84	1.5	35	35	0	0	3/8	2	1	3/8	1/4	3/2	1	5	59	204
84	1.5	35	35	0	0	3/8	1	2	3/8	1/4	3/2	1	-1	65	203
84	1.5	35	35	0	0	3/8	1	2	3/8	1/4	3/2	1	3	69	203
169/2	0.25	35	35	1/8	1/8	3/8	1	1	1/16	1/16	1		5	71	199
339/4	0.25	35	35	3/16	3/16	3/8	1	1	1/16	1/16	1		3	69	200
85	0.25	35	35	1/4	1/4	3/8	1	1	1/16	1/16	1		2	74	201
341/4	0.25	35	35	5/16	5/16	3/8	1	1	1/16	1/16	1		2	74	202
171/2	1.5	36	36	0	0	3/8	2	2	3/8	1/4	3/2	-1	1	31	214
171/2	1.5	36	36	0	0	3/8	2	2	3/8	1/4	3/2	-1	1	43	214
171/2	1.5	36	36	0	0	3/8	2	2	3/8	1/4	3/2	-1	2	50	214
171/2	1.5	36	36	0	0	3/8	2	4	3/8	1/4	3/2	0	3	57	215
171/2	1.5	36	36	0	0	3/8	2	1	3/8	1/4	3/2	0	5	59	213
171/2	1.5	36	36	0	0	3/8	1	2	3/8	1/4	3/2	0	-1	65	212
171/2	1.5	36	36	0	0	3/8	1	2	3/8	1/4	3/2	0	3	69	212
171/2	0.5	36	36	0	0	3/8	1	1	1/8	1/8	1		1	79	207
86	0.25	36	36	1/8	1/8	3/8	1	1	1/16	1/16	1		5	83	208
345/4	0.25	36	36	3/16	3/16	3/8	1	1	1/16	1/16	1		3	81	209
173/2	0.25	36	36	1/4	1/4	3/8	1	1	1/16	1/16	1		2	86	210
347/4	0.25	36	36	5/16	5/16	3/8	1	1	1/16	1/16	1		2	86	211
87	1.5	37	37	0	0	3/8	2	2	3/8	1/4	3/2	1	1	31	224
87	1.5	37	37	0	0	3/8	2	2	3/8	1/4	3/2	1	1	43	224
87	1.5	37	37	0	0	3/8	2	4	3/8	1/4	3/2	-1	3	57	226
87	1.5	37	37	0	0	3/8	2	1	3/8	1/4	3/2	-1	5	59	223
87	1.5	37	37	0	0	3/8	1	2	3/8	1/4	3/2	-1	-1	65	222
87	1.5	37	37	0	0	3/8	1	2	3/8	1/4	3/2	-1	3	69	222
87	0.25	37	37	0	0	3/8	1	1	1/16	1/16	1		1	91	216
349/4	0.25	37	37	1/16	1/16	3/8	1	1	1/16	1/16	1		2	86	217
175/2	0.25	37	37	1/8	1/8	3/8	1	1	1/16	1/16	1		5	83	218
351/4	0.75	37	37	3/16	3/16	3/8	2	3	3/16	1/8	3/2		9	51	225
351/4	0.75	37	37	3/16	3/16	3/8	2	3	3/16	1/8	3/2		9	63	225
351/4	0.25	37	37	3/16	3/16	3/8	1	1	1/16	1/16	1		3	81	219
88	0.25	37	37	1/4	1/4	3/8	1	1	1/16	1/16	1		1	79	220
353/4	0.25	37	37	5/16	5/16	3/8	1	1	1/16	1/16	1		2	74	221
177/2	1.5	38	38	0	0	3/8	2	2	3/8	1/4	3/2	-1	1	31	229
177/2	1.5	38	38	0	0	3/8	2	2	3/8	1/4	3/2	-1	1	43	229
177/2	0.75	38	38	0	0	3/8	2	3	3/16	1/8	3/2		4	52	230
177/2	0.75	38	38	0	0	3/8	2	3	3/16	1/8	3/2		1	55	230
177/2	0.75	38	38	0	0	3/8	2	3	3/16	1/8	3/2		5	59	230
177/2	0.75	38	38	0	0	3/8	2	3	3/16	1/8	3/2		4	64	230
177/2	0.25	38	38	0	0	3/8	1	1	1/16	1/16	1		5	71	227
355/4	0.25	38	38	1/16	1/16	3/8	1	1	1/16	1/16	1		3	69	228
357/4	0.75	38	38	3/16	3/16	3/8	2	3	3/16	1/8	3/2		5	59	231
357/4	0.75	38	38	3/16	3/16	3/8	2	3	3/16	1/8	3/2		5	71	231
90	1.5	39	39	0	0	3/8	2	2	3/8	1/4	3/2	1	1	31	238
90	1.5	39	39	0	0	3/8	2	2	3/8	1/4	3/2	1	1	43	238
90	1.5	39	39	0	0	3/8	2	2	3/8	1/4	3/2	1	2	50	238
90	1.5	39	39	0	0	3/8	2	4	3/8	1/4	3/2	1	3	57	239
90	1.5	39	39	0	0	3/8	2	1	3/8	1/4	3/2	1	5	59	237
90	1.5	39	39	0	0	3/8	1	2	3/8	1/4	3/2	1	-1	65	236
90	1.5	39	39	0	0	3/8	1	2	3/8	1/4	3/2	1	3	69	236
181/2	0.25	39	39	1/8	1/8	3/8	1	1	1/16	1/16	1		5	71	232
363/4	0.25	39	39	3/16	3/16	3/8	1	1	1/16	1/16	1		3	69	233
91	0.25	39	39	1/4	1/4	3/8	1	1	1/16	1/16	1		2	74	234
365/4	0.25	39	39	5/16	5/16	3/8	1	1	1/16	1/16	1		2	74	235
183/2	1.5	40	40	0	0	3/8	2	2	3/8	1/4	3/2	-1	1	31	247
183/2	1.5	40	40	0	0	3/8	2	2	3/8	1/4	3/2	-1	1	43	247
183/2	1.5	40	40	0	0	3/8	2	2	3/8	1/4	3/2	-1	2	50	247
183/2	1.5	40	40	0	0	3/8	2	4	3/8	1/4	3/2	0	3	57	248
183/2	1.5	40	40	0	0	3/8	2	1	3/8	1/4	3/2	0	5	59	246
183/2	1.5	40	40	0	0	3/8	1	2	3/8	1/4	3/2	0	-1	65	245
183/2	1.5	40	40	0	0	3/8	1	2	3/8	1/4	3/2	0	3	69	245
183/2	0.5	40	40	0	0	3/8	1	1	1/8	1/8	1		1	79	240
92	0.25	40	40	1/8	1/8	3/8	1	1	1/16	1/16	1		5	83	241
369/4	0.25	40	40	3/16	3/16	3/8	1	1	1/16	1/16	1		3	81	242
185/2	0.25	40	40	1/4	1/4	3/8	1	1	1/16	1/16	1		2	86	243
371/4	0.25	40	40	5/16	5/16	3/8	1	1	1/16	1/16	1		2	86	244
93	1.5	41	41	0	0	3/8	2	2	3/8	1/4	3/2	1	1	31	257
93	1.5	41	41	0	0	3/8	2	2	3/8	1/4	3/2	1	1	43	257
93	1.5	41	41	0	0	3/8	2	4	3/8	1/4	3/2	-1	3	57	259
93	1.5	41	41	0	0	3/8	2	1	3/8	1/4	3/2	-1	5	59	256
93	1.5	41	41	0	0	3/8	1	2	3/8	1/4	3/2	-1	-1	65	255
93	1.5	41	41	0	0	3/8	1	2	3/8	1/4	3/2	-1	3	69	255
93	0.25	41	41	0	0	3/8	1	1	1/16	1/16	1		1	91	249
373/4	0.25	41	41	1/16	1/16	3/8	1	1	1/16	1/16	1		2	86	250
187/2	0.25	41	41	1/8	1/8	3/8	1	1	1/16	1/16	1		5	83	251
375/4	0.75	41	41	3/16	3/16	3/8	2	3	3/16	1/8	3/2		9	51	258
375/4	0.75	41	41	3/16	3/16	3/8	2	3	3/16	1/8	3/2		9	63	258
375/4	0.25	41	41	3/16	3/16	3/8	1	1	1/16	1/16	1		3	81	252
94	0.25	41	41	1/4	1/4	3/8	1	1	1/16	1/16	1		1	79	253
377/4	0.25	41	41	5/16	5/16	3/8	1	1	1/16	1/16	1		2	74	254
189/2	1.5	42	42	0	0	3/8	2	2	3/8	1/4	3/2	-1	1	31	262
189/2	1.5	42	42	0	0	3/8	2	2	3/8	1/4	3/2	-1	1	43	262
189/2	0.75	42	42	0	0	3/8	2	3	3/16	1/8	3/2		4	52	263
189/2	0.75	42	42	0	0	3/8	2	3	3/16	1/8	3/2		1	55	263
189/2	0.75	42	42	0	0	3/8	2	3	3/16	1/8	3/2		5	59	263
189/2	0.75	42	42	0	0	3/8	2	3	3/16	1/8	3/2		4	64	263
189/2	0.25	42	42	0	0	3/8	1	1	1/16	1/16	1		5	71	260
379/4	0.25	42	42	1/16	1/16	3/8	1	1	1/16	1/16	1		3	69	261
381/4	0.75	42	42	3/16	3/16	3/8	2	3	3/16	1/8	3/2		4	64	264
381/4	0.75	42	42	3/16	3/16	3/8	2	3	3/16	1/8	3/2		4	76	264
96	1.5	43	43	0	0	3/8	2	2	3/8	1/4	3/2	1	3	33	268
96	1.5	43	43	0	0	3/8	2	2	3/8	1/4	3/2	1	3	45	268
96	1.5	43	43	0	0	3/8	1	1	3/8	1/4	3/2		5	59	265
96	1.5	43	43	0	0	3/8	1	1	3/8	1/4	3/2		7	61	265
96	1.5	43	43	0	0	3/8	1	1	3/8	1/4	3/2		1	67	265
96	1.5	43	43	0	0	3/8	1	1	3/8	1/4	3/2		5	71	265
193/2	0.5	43	43	1/8	1/8	3/8	2	1	1/8	1/8	1		4	52	266
97	0.5	43	43	1/4	1/4	3/8	2	1	1/8	1/8	1	1	6	54	267
195/2	1.5	44	44	0	0	3/8	2	2	3/8	1/4	3/2	0	3	33	273
195/2	1.5	44	44	0	0	3/8	2	2	3/8	1/4	3/2	0	3	45	273
195/2	0.5	44	44	0	0	3/8	2	1	1/8	1/8	1	-1	6	54	270
195/2	1.5	44	44	0	0	3/8	1	1	3/8	1/4	3/2		3	57	269
195/2	1.5	44	44	0	0	3/8	1	1	3/8	1/4	3/2		7	61	269
195/2	1.5	44	44	0	0	3/8	1	1	3/8	1/4	3/2		1	67	269
195/2	1.5	44	44	0	0	3/8	1	1	3/8	1/4	3/2		3	69	269
98	0.5	44	44	1/8	1/8	3/8	2	1	1/8	1/8	1		1	55	271
197/2	0.5	44	44	1/4	1/4	3/8	2	1	1/8	1/8	1	1	3	57	272
99	1.5	45	45	0	0	3/8	2	2	3/8	1/4	3/2	0	3	33	278
99	1.5	45	45	0	0	3/8	2	2	3/8	1/4	3/2	0	3	45	278
99	0.5	45	45	0	0	3/8	2	1	1/8	1/8	1	-1	3	57	275
99	1.5	45	45	0	0	3/8	1	1	3/8	1/4	3/2		2	62	274
99	1.5	45	45	0	0	3/8	1	1	3/8	1/4	3/2		1	67	274
99	1.5	45	45	0	0	3/8	1	1	3/8	1/4	3/2		7	73	274
99	1.5	45	45	0	0	3/8	1	1	3/8	1/4	3/2		2	74	274
199/2	0.5	45	45	1/8	1/8	3/8	2	1	1/8	1/8	1		5	59	276
100	0.5	45	45	1/4	1/4	3/8	2	1	1/8	1/8	1		7	61	277
201/2	1.5	46	46	0	0	3/8	2	2	3/8	1/4	3/2	-1	3	33	283
201/2	1.5	46	46	0	0	3/8	2	2	3/8	1/4	3/2	-1	3	45	283
201/2	0.5	46	46	0	0	3/8	2	1	1/8	1/8	1		2	62	280
201/2	1.5	46	46	0	0	3/8	1	1	3/8	1/4	3/2		1	67	279
201/2	1.5	46	46	0	0	3/8	1	1	3/8	1/4	3/2		5	71	279
201/2	1.5	46	46	0	0	3/8	1	1	3/8	1/4	3/2		2	74	279
101	0.5	46	46	1/8	1/8	3/8	2	1	1/8	1/8	1		4	64	281
203/2	0.5	46	46	1/4	1/4	3/8	2	1	1/8	1/8	1		6	66	282
102	1.5	47	47	0	0	3/8	2	2	3/8	1/4	3/2	1	3	33	290
102	1.5	47	47	0	0	3/8	2	2	3/8	1/4	3/2	1	3	45	290
102	1.5	47	47	0	0	3/8	2	1	3/8	1/4	3/2	1	4	52	289
102	1.5	47	47	0	0	3/8	2	1	3/8	1/4	3/2	1	5	59	289
102	1.5	47	47	0	0	3/8	2	1	3/8	1/4	3/2	1	2	62	289
102	1.5	47	47	0	0	3/8	1	2	3/8	1/4	3/2		1	67	288
102	1.5	47	47	0	0	3/8	1	2	3/8	1/4	3/2		5	71	288
102	1.5	47	47	0	0	3/8	1	2	3/8	1/4	3/2		2	74	288
102	1.5	47	47	0	0	3/8	1	2	3/8	1/4	3/2		1	79	288
205/2	0.25	47	47	1/8	1/8	3/8	1	1	1/16	1/16	1		5	83	284
411/4	0.25	47	47	3/16	3/16	3/8	1	1	1/16	1/16	1		3	81	285
103	0.25	47	47	1/4	1/4	3/8	1	1	1/16	1/16	1		2	86	286
413/4	0.25	47	47	5/16	5/16	3/8	1	1	1/16	1/16	1		2	86	287
207/2	1.5	48	48	0	0	3/8	2	2	3/8	1/4	3/2	-1	3	33	299
207/2	1.5	48	48	0	0	3/8	2	2	3/8	1/4	3/2	-1	3	45	299
207/2	1.5	48	48	0	0	3/8	2	1	3/8	1/4	3/2	-1	4	52	298
207/2	1.5	48	48	0	0	3/8	2	1	3/8	1/4	3/2	-1	5	59	298
207/2	1.5	48	48	0	0	3/8	2	1	3/8	1/4	3/2	-1	2	62	298
207/2	1.5	48	48	0	0	3/8	1	2	3/8	1/4	3/2		6	66	297
207/2	1.5	48	48	0	0	3/8	1	2	3/8	1/4	3/2		5	71	297
207/2	1.5	48	48	0	0	3/8	1	2	3/8	1/4	3/2		2	74	297
207/2	1.5	48	48	0	0	3/8	1	2	3/8	1/4	3/2		6	78	297
207/2	0.25	48	48	0	0	3/8	1	1	1/16	1/16	1		1	91	291
415/4	0.25	48	48	1/16	1/16	3/8	1	1	1/16	1/16	1		2	86	292
104	0.25	48	48	1/8	1/8	3/8	1	1	1/16	1/16	1		5	83	293
417/4	0.25	48	48	3/16	3/16	3/8	1	1	1/16	1/16	1		3	81	294
209/2	0.25	48	48	1/4	1/4	3/8	1	1	1/16	1/16	1		1	79	295
419/4	0.25	48	48	5/16	5/16	3/8	1	1	1/16	1/16	1		2	74	296
105	1.5	49	49	0	0	3/8	2	2	3/8	1/4	3/2	1	3	33	306
105	1.5	49	49	0	0	3/8	2	2	3/8	1/4	3/2	1	3	45	306
105	1.5	49	49	0	0	3/8	2	1	3/8	1/4	3/2	1	1	55	305
105	1.5	49	49	0	0	3/8	2	1	3/8	1/4	3/2	1	5	59	305
105	1.5	49	49	0	0	3/8	1	2	3/8	1/4	3/2		4	64	304
105	1.5	49	49	0	0	3/8	1	2	3/8	1/4	3/2		1	67	304
105	1.5	49	49	0	0	3/8	1	2	3/8	1/4	3/2		5	71	304
105	1.5	49	49	0	0	3/8	1	2	3/8	1/4	3/2		4	76	304
211/2	0.25	49	49	1/8	1/8	3/8	1	1	1/16	1/16	1		5	83	300
423/4	0.25	49	49	3/16	3/16	3/8	1	1	1/16	1/16	1		3	81	301
106	0.25	49	49	1/4	1/4	3/8	1	1	1/16	1/16	1		2	86	302
425/4	0.25	49	49	5/16	5/16	3/8	1	1	1/16	1/16	1		2	86	303
213/2	1.5	50	50	0	0	3/8	2	2	3/8	1/4	3/2	0	3	33	315
213/2	1.5	50	50	0	0	3/8	2	2	3/8	1/4	3/2	0	3	45	315
213/2	1.5	50	50	0	0	3/8	2	1	3/8	1/4	3/2	-1	1	55	314
213/2	1.5	50	50	0	0	3/8	2	1	3/8	1/4	3/2	-1	5	59	314
213/2	1.5	50	50	0	0	3/8	1	2	3/8	1/4	3/2		2	62	313
213/2	1.5	50	50	0	0	3/8	1	2	3/8	1/4	3/2		1	67	313
213/2	1.5	50	50	0	0	3/8	1	2	3/8	1/4	3/2		5	71	313
213/2	1.5	50	50	0	0	3/8	1	2	3/8	1/4	3/2		2	74	313
213/2	0.25	50	50	0	0	3/8	1	1	1/16	1/16	1		1	91	307
427/4	0.25	50	50	1/16	1/16	3/8	1	1	1/16	1/16	1		2	86	308
107	0.25	50	50	1/8	1/8	3/8	1	1	1/16	1/16	1		5	83	309
429/4	0.25	50	50	3/16	3/16	3/8	1	1	1/16	1/16	1		3	81	310
215/2	0.25	50	50	1/4	1/4	3/8	1	1	1/16	1/16	1		1	79	311
431/4	0.25	50	50	5/16	5/16	3/8	1	1	1/16	1/16	1		2	74	312
108	1.5	51	51	0	0	3/8	2	2	3/8	1/4	3/2	0	3	33	322
108	1.5	51	51	0	0	3/8	2	2	3/8	1/4	3/2	0	3	45	322
108	1.5	51	51	0	0	3/8	2	1	3/8	1/4	3/2	1	4	52	321
108	1.5	51	51	0	0	3/8	2	1	3/8	1/4	3/2	1	1	55	321
108	1.5	51	51	0	0	3/8	1	2	3/8	1/4	3/2		7	61	320
108	1.5	51	51	0	0	3/8	1	2	3/8	1/4	3/2		4	64	320
108	1.5	51	51	0	0	3/8	1	2	3/8	1/4	3/2		1	67	320
108	1.5	51	51	0	0	3/8	1	2	3/8	1/4	3/2		7	73	320
217/2	0.25	51	51	1/8	1/8	3/8	1	1	1/16	1/16	1		5	83	316
435/4	0.25	51	51	3/16	3/16	3/8	1	1	1/16	1/16	1		3	81	317
109	0.25	51	51	1/4	1/4	3/8	1	1	1/16	1/16	1		2	86	318
437/4	0.25	51	51	5/16	5/16	3/8	1	1	1/16	1/16	1		2	86	319
219/2	1.5	52	52	0	0	3/8	2	2	3/8	1/4	3/2	-1	3	33	331
219/2	1.5	52	52	0	0	3/8	2	2	3/8	1/4	3/2	-1	3	45	331
219/2	1.5	52	52	0	0	3/8	2	1	3/8	1/4	3/2	-1	4	52	330
219/2	1.5	52	52	0	0	3/8	2	1	3/8	1/4	3/2	-1	1	55	330
219/2	1.5	52	52	0	0	3/8	1	2	3/8	1/4	3/2		5	59	329
219/2	1.5	52	52	0	0	3/8	1	2	3/8	1/4	3/2		4	64	329
219/2	1.5	52	52	0	0	3/8	1	2	3/8	1/4	3/2		1	67	329
219/2	1.5	52	52	0	0	3/8	1	2	3/8	1/4	3/2		5	71	329
219/2	0.25	52	52	0	0	3/8	1	1	1/16	1/16	1		1	91	323
439/4	0.25	52	52	1/16	1/16	3/8	1	1	1/16	1/16	1		2	86	324
110	0.25	52	52	1/8	1/8	3/8	1	1	1/16	1/16	1		5	83	325
441/4	0.25	52	52	3/16	3/16	3/8	1	1	1/16	1/16	1		3	81	326
221/2	0.25	52	52	1/4	1/4	3/8	1	1	1/16	1/16	1		1	79	327
443/4	0.25	52	52	5/16	5/16	3/8	1	1	1/16	1/16	1		2	74	328
111	1.5	53	53	0	0	3/8	2	2	3/8	1/4	3/2	1	3	33	335
111	1.5	53	53	0	0	3/8	2	2	3/8	1/4	3/2	1	3	45	335
111	1.5	53	53	0	0	3/8	2	1	3/8	1/4	3/2	1	0	48	334
111	1.5	53	53	0	0	3/8	2	1	3/8	1/4	3/2	1	-1	53	334
111	1.5	53	53	0	0	3/8	1	2	3/8	1/4	3/2	1	3	57	333
111	1.5	53	53	0	0	3/8	1	2	3/8	1/4	3/2	1	0	60	333
111	1.5	53	53	0	0	3/8	1	2	3/8	1/4	3/2	1	-1	65	333
111	1.5	53	53	0	0	3/8	1	2	3/8	1/4	3/2	1	3	69	333
447/4	0.75	53	53	3/16	3/16	3/8	1	1	3/16	1/8	3/2		5	83	332
447/4	0.75	53	53	3/16	3/16	3/8	1	1	3/16	1/8	3/2		5	95	332
225/2	1.5	54	54	0	0	3/8	2	2	3/8	1/4	3/2	-1	3	33	340
225/2	1.5	54	54	0	0	3/8	2	2	3/8	1/4	3/2	-1	3	45	340
225/2	1.5	54	54	0	0	3/8	2	1	3/8	1/4	3/2	0	0	48	339
225/2	1.5	54	54	0	0	3/8	2	1	3/8	1/4	3/2	0	-1	53	339
225/2	1.5	54	54	0	0	3/8	1	2	3/8	1/4	3/2	0	3	57	338
225/2	1.5	54	54	0	0	3/8	1	2	3/8	1/4	3/2	0	0	60	338
225/2	1.5	54	54	0	0	3/8	1	2	3/8	1/4	3/2	0	-1	65	338
225/2	1.5	54	54	0	0	3/8	1	2	3/8	1/4	3/2	0	3	69	338
225/2	0.75	54	54	0	0	3/8	1	1	3/16	1/8	3/2		3	81	336
225/2	0.75	54	54	0	0	3/8	1	1	3/16	1/8	3/2		3	93	336
453/4	0.75	54	54	3/16	3/16	3/8	1	1	3/16	1/8	3/2		2	74	337
453/4	0.75	54	54	3/16	3/16	3/8	1	1	3/16	1/8	3/2		2	86	337
114	1.5	55	55	0	0	3/8	2	2	3/8	1/4	3/2	1	1	31	345
114	1.5	55	55	0	0	3/8	2	2	3/8	1/4	3/2	1	1	43	345
114	1.5	55	55	0	0	3/8	2	1	3/8	1/4	3/2	0	0	48	344
114	1.5	55	55	0	0	3/8	2	1	3/8	1/4	3/2	0	-1	53	344
114	1.5	55	55	0	0	3/8	1	2	3/8	1/4	3/2	-1	3	57	343
114	1.5	55	55	0	0	3/8	1	2	3/8	1/4	3/2	-1	0	60	343
114	1.5	55	55	0	0	3/8	1	2	3/8	1/4	3/2	-1	-1	65	343
114	1.5	55	55	0	0	3/8	1	2	3/8	1/4	3/2	-1	3	69	343
114	0.75	55	55	0	0	3/8	1	1	3/16	1/8	3/2		1	79	341
114	0.75	55	55	0	0	3/8	1	1	3/16	1/8	3/2		1	91	341
459/4	0.75	55	55	3/16	3/16	3/8	1	1	3/16	1/8	3/2		5	71	342
459/4	0.75	55	55	3/16	3/16	3/8	1	1	3/16	1/8	3/2		5	83	342
231/2	1.5	56	56	0	0	3/8	2	2	3/8	1/4	3/2	-1	1	31	349
231/2	1.5	56	56	0	0	3/8	2	2	3/8	1/4	3/2	-1	1	43	349
231/2	1.5	56	56	0	0	3/8	2	1	3/8	1/4	3/2	-1	0	48	348
231/2	1.5	56	56	0	0	3/8	2	1	3/8	1/4	3/2	-1	-1	53	348
231/2	0.75	56	56	0	0	3/8	1	1	3/16	1/8	3/2		3	69	346
231/2	0.75	56	56	0	0	3/8	1	1	3/16	1/8	3/2		3	81	346
465/4	0.75	56	56	3/16	3/16	3/8	1	1	3/16	1/8	3/2		2	74	347
465/4	0.75	56	56	3/16	3/16	3/8	1	1	3/16	1/8	3/2		2	86	347
117	0.5	57	57	0	0	3/8	2	1	1/8	1/8	1		0	36	350
235/2	0.5	57	57	1/8	1/8	3/8	2	1	1/8	1/8	1		6	30	351
118	0.5	57	57	1/4	1/4	3/8	2	1	1/8	1/8	1		0	36	352
237/2	0.5	58	58	0	0	3/8	2	1	1/8	1/8	1		1	31	353
119	0.5	58	58	1/8	1/8	3/8	2	1	1/8	1/8	1		0	36	354
239/2	0.5	58	58	1/4	1/4	3/8	2	1	1/8	1/8	1		8	32	355
120	0.5	59	59	0	0	3/8	2	1	1/8	1/8	1		0	36	356
241/2	0.5	59	59	1/8	1/8	3/8	2	1	1/8	1/8	1		3	33	357
121	0.5	59	59	1/4	1/4	3/8	2	1	1/8	1/8	1		0	36	358
243/2	0.5	60	60	0	0	3/8	2	1	1/8	1/8	1		-2	34	359
122	0.5	60	60	1/8	1/8	3/8	2	1	1/8	1/8	1		0	36	360
245/2	0.5	60	60	1/4	1/4	3/8	2	1	1/8	1/8	1		5	35	361
123	0.5	61	61	0	0	3/8	2	1	1/8	1/8	1		0	36	364
247/2	0.5	61	61	1/8	1/8	3/8	2	1	1/8	1/8	1		6	30	365
247/2	0.5	61	61	1/8	1/8	3/8	1	1	1/8	1/8	1		5	59	362
124	0.5	61	61	1/4	1/4	3/8	2	1	1/8	1/8	1		0	36	366
124	0.5	61	61	1/4	1/4	3/8	1	1	1/8	1/8	1		3	57	363
249/2	0.5	62	62	0	0	3/8	2	1	1/8	1/8	1		1	31	368
125	0.5	62	62	1/8	1/8	3/8	2	1	1/8	1/8	1		0	36	369
125	1.0	62	62	1/8	1/8	3/8	1	1	1/4	1/4	1		2	62	367
251/2	0.5	62	62	1/4	1/4	3/8	2	1	1/8	1/8	1		8	32	370
126	0.5	63	63	0	0	3/8	2	1	1/8	1/8	1		0	36	372
126	1.5	63	63	0	0	3/8	1	1	3/8	1/4	3/2	1	1	67	371
253/2	0.5	63	63	1/8	1/8	3/8	2	1	1/8	1/8	1		3	33	373
127	0.5	63	63	1/4	1/4	3/8	2	1	1/8	1/8	1		0	36	374
255/2	0.5	64	64	0	0	3/8	2	1	1/8	1/8	1		-2	34	376
255/2	1.0	64	64	0	0	3/8	1	1	1/4	1/4	1	-1	1	67	375
128	0.5	64	64	1/8	1/8	3/8	2	1	1/8	1/8	1		0	36	377
257/2	0.5	64	64	1/4	1/4	3/8	2	1	1/8	1/8	1		5	35	378
129	0.5	65	65	0	0	3/8	2	1	1/8	1/8	1		0	36	381
259/2	0.5	65	65	1/8	1/8	3/8	2	1	1/8	1/8	1		6	30	382
259/2	0.5	65	65	1/8	1/8	3/8	1	1	1/8	1/8	1		5	59	379
259/2	0.5	65	65	1/8	1/8	3/8	1	1	1/8	1/8	1		5	71	379
130	0.5	65	65	1/4	1/4	3/8	2	1	1/8	1/8	1		0	36	383
130	0.5	65	65	1/4	1/4	3/8	1	1	1/8	1/8	1		3	57	380
130	0.5	65	65	1/4	1/4	3/8	1	1	1/8	1/8	1		3	69	380
261/2	0.5	66	66	0	0	3/8	2	1	1/8	1/8	1		1	31	385
131	0.5	66	66	1/8	1/8	3/8	2	1	1/8	1/8	1		0	36	386
131	1.0	66	66	1/8	1/8	3/8	1	1	1/4	1/4	1		2	62	384
131	1.0	66	66	1/8	1/8	3/8	1	1	1/4	1/4	1		2	74	384
263/2	0.5	66	66	1/4	1/4	3/8	2	1	1/8	1/8	1		8	32	387
132	0.5	67	67	0	0	3/8	2	1	1/8	1/8	1		0	36	389
132	1.5	67	67	0	0	3/8	1	1	3/8	1/4	3/2	1	1	67	388
132	1.5	67	67	0	0	3/8	1	1	3/8	1/4	3/2	1	1	79	388
265/2	0.5	67	67	1/8	1/8	3/8	2	1	1/8	1/8	1		3	33	390
133	0.5	67	67	1/4	1/4	3/8	2	1	1/8	1/8	1		0	36	391
267/2	0.5	68	68	0	0	3/8	2	1	1/8	1/8	1		-2	34	393
267/2	1.0	68	68	0	0	3/8	1	1	1/4	1/4	1	-1	1	67	392
267/2	1.0	68	68	0	0	3/8	1	1	1/4	1/4	1	-1	1	79	392
134	0.5	68	68	1/8	1/8	3/8	2	1	1/8	1/8	1		0	36	394
269/2	0.5	68	68	1/4	1/4	3/8	2	1	1/8	1/8	1		5	35	395
135	0.5	69	69	0	0	3/8	2	1	1/8	1/8	1		0	36	397
271/2	0.5	69	69	1/8	1/8	3/8	2	1	1/8	1/8	1		6	30	398
543/4	0.75	69	69	3/16	3/16	3/8	1	1	3/16	1/8	3/2		5	47	396
543/4	0.75	69	69	3/16	3/16	3/8	1	1	3/16	1/8	3/2		5	59	396
136	0.5	69	69	1/4	1/4	3/8	2	1	1/8	1/8	1		0	36	399
273/2	0.5	70	70	0	0	3/8	2	1	1/8	1/8	1		1	31	402
273/2	0.75	70	70	0	0	3/8	1	1	3/16	1/8	3/2		3	45	400
273/2	0.75	70	70	0	0	3/8	1	1	3/16	1/8	3/2		3	57	400
137	0.5	70	70	1/8	1/8	3/8	2	1	1/8	1/8	1		0	36	403
549/4	0.75	70	70	3/16	3/16	3/8	1	1	3/16	1/8	3/2		2	50	401
549/4	0.75	70	70	3/16	3/16	3/8	1	1	3/16	1/8	3/2		2	62	401
275/2	0.5	70	70	1/4	1/4	3/8	2	1	1/8	1/8	1		8	32	404
138	0.5	71	71	0	0	3/8	2	1	1/8	1/8	1		0	36	407
138	0.75	71	71	0	0	3/8	1	1	3/16	1/8	3/2		1	55	405
138	0.75	71	71	0	0	3/8	1	1	3/16	1/8	3/2		1	67	405
277/2	0.5	71	71	1/8	1/8	3/8	2	1	1/8	1/8	1		3	33	408
555/4	0.75	71	71	3/16	3/16	3/8	1	1	3/16	1/8	3/2		5	59	406
555/4	0.75	71	71	3/16	3/16	3/8	1	1	3/16	1/8	3/2		5	71	406
139	0.5	71	71	1/4	1/4	3/8	2	1	1/8	1/8	1		5	35	409
279/2	0.5	72	72	0	0	3/8	2	1	1/8	1/8	1		-2	34	412
279/2	0.75	72	72	0	0	3/8	1	1	3/16	1/8	3/2		3	57	410
279/2	0.75	72	72	0	0	3/8	1	1	3/16	1/8	3/2		3	69	410
140	0.5	72	72	1/8	1/8	3/8	2	1	1/8	1/8	1		0	36	413
561/4	0.75	72	72	3/16	3/16	3/8	1	1	3/16	1/8	3/2		2	62	411
561/4	0.75	72	72	3/16	3/16	3/8	1	1	3/16	1/8	3/2		2	74	411
281/2	0.5	72	72	1/4	1/4	3/8	2	1	1/8	1/8	1		5	35	414
141	0.5	73	73	0	0	3/8	2	1	1/8	1/8	1		1	31	417
141	0.5	73	73	0	0	3/8	2	1	1/8	1/8	1		1	43	417
283/2	0.5	73	73	1/8	1/8	3/8	2	1	1/8	1/8	1		8	32	418
283/2	0.5	73	73	1/8	1/8	3/8	2	1	1/8	1/8	1		8	44	418
283/2	0.5	73	73	1/8	1/8	3/8	1	1	1/8	1/8	1		2	50	415
283/2	0.5	73	73	1/8	1/8	3/8	1	1	1/8	1/8	1		-1	53	415
283/2	0.5	73	73	1/8	1/8	3/8	1	1	1/8	1/8	1		5	59	415
142	0.5	73	73	1/4	1/4	3/8	2	1	1/8	1/8	1		3	33	419
142	0.5	73	73	1/4	1/4	3/8	2	1	1/8	1/8	1		3	45	419
142	0.5	73	73	1/4	1/4	3/8	1	1	1/8	1/8	1		7	49	416
142	0.5	73	73	1/4	1/4	3/8	1	1	1/8	1/8	1		4	52	416
142	0.5	73	73	1/4	1/4	3/8	1	1	1/8	1/8	1		3	57	416
285/2	0.5	74	74	0	0	3/8	2	1	1/8	1/8	1		10	34	423
285/2	0.5	74	74	0	0	3/8	2	1	1/8	1/8	1		10	46	423
285/2	0.5	74	74	0	0	3/8	1	1	1/8	1/8	1		4	52	420
285/2	0.5	74	74	0	0	3/8	1	1	1/8	1/8	1		8	56	420
285/2	0.5	74	74	0	0	3/8	1	1	1/8	1/8	1		2	62	420
143	0.5	74	74	1/8	1/8	3/8	2	1	1/8	1/8	1		5	35	424
143	0.5	74	74	1/8	1/8	3/8	2	1	1/8	1/8	1		5	47	424
143	0.5	74	74	1/8	1/8	3/8	1	1	1/8	1/8	1		-1	53	421
143	0.5	74	74	1/8	1/8	3/8	1	1	1/8	1/8	1		3	57	421
143	0.5	74	74	1/8	1/8	3/8	1	1	1/8	1/8	1		2	62	421
287/2	0.5	74	74	1/4	1/4	3/8	2	1	1/8	1/8	1		0	36	425
287/2	0.5	74	74	1/4	1/4	3/8	2	1	1/8	1/8	1		0	48	425
287/2	0.5	74	74	1/4	1/4	3/8	1	1	1/8	1/8	1		-2	58	422
287/2	0.5	74	74	1/4	1/4	3/8	1	1	1/8	1/8	1		2	62	422
287/2	0.5	74	74	1/4	1/4	3/8	1	1	1/8	1/8	1		1	67	422
144	0.5	75	75	0	0	3/8	2	1	1/8	1/8	1		1	31	428
144	0.5	75	75	0	0	3/8	2	1	1/8	1/8	1		1	43	428
289/2	0.5	75	75	1/8	1/8	3/8	2	1	1/8	1/8	1		8	32	429
289/2	0.5	75	75	1/8	1/8	3/8	2	1	1/8	1/8	1		8	44	429
289/2	0.5	75	75	1/8	1/8	3/8	1	1	1/8	1/8	1		2	50	426
289/2	0.5	75	75	1/8	1/8	3/8	1	1	1/8	1/8	1		-1	53	426
289/2	0.5	75	75	1/8	1/8	3/8	1	1	1/8	1/8	1		5	59	426
145	0.5	75	75	1/4	1/4	3/8	2	1	1/8	1/8	1		3	33	430
145	0.5	75	75	1/4	1/4	3/8	2	1	1/8	1/8	1		3	45	430
145	0.5	75	75	1/4	1/4	3/8	1	1	1/8	1/8	1		7	49	427
145	0.5	75	75	1/4	1/4	3/8	1	1	1/8	1/8	1		4	52	427
145	0.5	75	75	1/4	1/4	3/8	1	1	1/8	1/8	1		3	57	427
291/2	0.5	76	76	0	0	3/8	2	1	1/8	1/8	1		10	34	434
291/2	0.5	76	76	0	0	3/8	2	1	1/8	1/8	1		10	46	434
291/2	0.5	76	76	0	0	3/8	1	1	1/8	1/8	1		4	52	431
291/2	0.5	76	76	0	0	3/8	1	1	1/8	1/8	1		8	56	431
291/2	0.5	76	76	0	0	3/8	1	1	1/8	1/8	1		2	62	431
146	0.5	76	76	1/8	1/8	3/8	2	1	1/8	1/8	1		5	35	435
146	0.5	76	76	1/8	1/8	3/8	2	1	1/8	1/8	1		5	47	435
146	0.5	76	76	1/8	1/8	3/8	1	1	1/8	1/8	1		-1	53	432
146	0.5	76	76	1/8	1/8	3/8	1	1	1/8	1/8	1		3	57	432
146	0.5	76	76	1/8	1/8	3/8	1	1	1/8	1/8	1		2	62	432
293/2	0.5	76	76	1/4	1/4	3/8	2	1	1/8	1/8	1		0	36	436
293/2	0.5	76	76	1/4	1/4	3/8	2	1	1/8	1/8	1		0	48	436
293/2	0.5	76	76	1/4	1/4	3/8	1	1	1/8	1/8	1		-2	58	433
293/2	0.5	76	76	1/4	1/4	3/8	1	1	1/8	1/8	1		2	62	433
293/2	0.5	76	76	1/4	1/4	3/8	1	1	1/8	1/8	1		1	67	433
147	1.5	77	77	0	0	3/8	2	2	3/8	1/4	3/2		7	37	441
147	1.5	77	77	0	0	3/8	2	2	3/8	1/4	3/2		7	49	441
295/2	0.5	77	77	1/8	1/8	3/8	2	4	1/8	1/8	1		11	53	442
295/2	0.5	77	77	1/8	1/8	3/8	2	4	1/8	1/8	1		12	60	442
295/2	0.5	77	77	1/8	1/8	3/8	2	1	1/8	1/8	1		9	63	439
295/2	0.5	77	77	1/8	1/8	3/8	1	1	1/8	1/8	1		5	71	437
295/2	0.5	77	77	1/8	1/8	3/8	1	1	1/8	1/8	1		9	75	437
295/2	0.5	77	77	1/8	1/8	3/8	1	1	1/8	1/8	1		5	83	437
148	0.5	77	77	1/4	1/4	3/8	2	1	1/8	1/8	1		4	64	440
148	0.5	77	77	1/4	1/4	3/8	1	1	1/8	1/8	1		3	69	438
148	0.5	77	77	1/4	1/4	3/8	1	1	1/8	1/8	1		4	76	438
148	0.5	77	77	1/4	1/4	3/8	1	1	1/8	1/8	1		3	81	438
297/2	1.5	78	78	0	0	3/8	2	2	3/8	1/4	3/2		5	59	449
297/2	1.5	78	78	0	0	3/8	2	2	3/8	1/4	3/2		2	62	449
297/2	0.5	78	78	0	0	3/8	2	1	1/8	1/8	1		-1	65	446
297/2	0.5	78	78	0	0	3/8	1	1	1/8	1/8	1		2	74	443
297/2	0.5	78	78	0	0	3/8	1	1	1/8	1/8	1		-1	77	443
297/2	0.5	78	78	0	0	3/8	1	1	1/8	1/8	1		2	86	443
149	0.5	78	78	1/8	1/8	3/8	2	1	1/8	1/8	1		6	66	447
149	0.5	78	78	1/8	1/8	3/8	1	1	1/8	1/8	1		2	74	444
149	0.5	78	78	1/8	1/8	3/8	1	1	1/8	1/8	1		6	78	444
149	0.5	78	78	1/8	1/8	3/8	1	1	1/8	1/8	1		2	86	444
299/2	0.5	78	78	1/4	1/4	3/8	2	1	1/8	1/8	1		1	67	448
299/2	0.5	78	78	1/4	1/4	3/8	1	1	1/8	1/8	1	1	1	79	445
299/2	0.5	78	78	1/4	1/4	3/8	1	1	1/8	1/8	1	1	1	91	445
150	1.5	79	79	0	0	3/8	2	2	3/8	1/4	3/2	1	2	62	457
150	1.5	79	79	0	0	3/8	2	2	3/8	1/4	3/2	1	-1	65	457
150	0.5	79	79	0	0	3/8	2	1	1/8	1/8	1		-4	68	454
150	0.5	79	79	0	0	3/8	1	1	1/8	1/8	1	-1	1	79	450
150	0.5	79	79	0	0	3/8	1	2	1/8	1/8	1		-4	80	453
150	0.5	79	79	0	0	3/8	1	1	1/8	1/8	1	-1	1	91	450
301/2	0.5	79	79	1/8	1/8	3/8	2	1	1/8	1/8	1		3	69	455
301/2	0.5	79	79	1/8	1/8	3/8	1	1	1/8	1/8	1		-1	77	451
301/2	0.5	79	79	1/8	1/8	3/8	1	1	1/8	1/8	1		3	81	451
301/2	0.5	79	79	1/8	1/8	3/8	1	1	1/8	1/8	1		-1	89	451
151	0.5	79	79	1/4	1/4	3/8	2	1	1/8	1/8	1		-2	70	456
151	0.5	79	79	1/4	1/4	3/8	1	1	1/8	1/8	1		4	76	452
151	0.5	79	79	1/4	1/4	3/8	1	1	1/8	1/8	1		-2	82	452
151	0.5	79	79	1/4	1/4	3/8	1	1	1/8	1/8	1		4	88	452
303/2	0.5	80	80	0	0	3/8	2	2	1/8	1/8	1	-1	2	62	465
303/2	0.5	80	80	0	0	3/8	2	2	1/8	1/8	1	-1	-1	65	465
303/2	0.5	80	80	0	0	3/8	2	1	1/8	1/8	1		5	71	462
303/2	0.5	80	80	0	0	3/8	1	2	1/8	1/8	1		2	74	460
303/2	0.5	80	80	0	0	3/8	1	2	1/8	1/8	1		5	83	460
303/2	0.5	80	80	0	0	3/8	1	2	1/8	1/8	1		2	86	460
152	0.5	80	80	1/8	1/8	3/8	2	1	1/8	1/8	1		1	67	463
152	1.0	80	80	1/8	1/8	3/8	1	2	1/4	1/4	1	1	3	69	461
152	1.0	80	80	1/8	1/8	3/8	1	2	1/4	1/4	1	1	5	71	461
152	0.5	80	80	1/8	1/8	3/8	1	1	1/8	1/8	1		1	79	458
305/2	0.5	80	80	1/4	1/4	3/8	2	1	1/8	1/8	1		-1	65	464
305/2	0.5	80	80	1/4	1/4	3/8	1	1	1/8	1/8	1		-1	77	459
153	0.5	81	81	0	0	3/8	2	1	1/8	1/8	1		4	64	471
153	1.0	81	81	0	0	3/8	1	2	1/4	1/4	1	-1	3	69	469
153	1.0	81	81	0	0	3/8	1	2	1/4	1/4	1	-1	5	71	469
153	0.5	81	81	0	0	3/8	1	1	1/8	1/8	1		4	76	466
307/2	0.5	81	81	1/8	1/8	3/8	2	1	1/8	1/8	1		2	62	472
307/2	0.5	81	81	1/8	1/8	3/8	1	1	1/8	1/8	1		2	74	467
154	0.5	81	81	1/4	1/4	3/8	2	1	1/8	1/8	1		1	55	473
154	0.5	81	81	1/4	1/4	3/8	1	2	1/8	1/8	1	1	3	57	470
154	0.5	81	81	1/4	1/4	3/8	1	2	1/8	1/8	1	1	0	60	470
154	0.5	81	81	1/4	1/4	3/8	1	1	1/8	1/8	1		1	67	468
309/2	0.5	82	82	0	0	3/8	2	1	1/8	1/8	1		-1	53	478
309/2	1.0	82	82	0	0	3/8	1	2	1/4	1/4	1	-1	3	57	477
309/2	1.0	82	82	0	0	3/8	1	2	1/4	1/4	1	-1	0	60	477
309/2	0.5	82	82	0	0	3/8	1	1	1/8	1/8	1		-1	65	474
155	0.5	82	82	1/8	1/8	3/8	2	1	1/8	1/8	1		4	52	479
155	0.5	82	82	1/8	1/8	3/8	1	1	1/8	1/8	1		4	64	475
311/2	0.5	82	82	1/4	1/4	3/8	2	1	1/8	1/8	1		2	50	480
311/2	0.5	82	82	1/4	1/4	3/8	1	1	1/8	1/8	1		2	62	476
156	0.5	83	83	0	0	3/8	2	1	1/8	1/8	1		1	31	483
156	0.5	83	83	0	0	3/8	2	1	1/8	1/8	1		1	43	483
313/2	0.5	83	83	1/8	1/8	3/8	2	1	1/8	1/8	1		8	32	484
313/2	0.5	83	83	1/8	1/8	3/8	2	1	1/8	1/8	1		8	44	484
313/2	0.5	83	83	1/8	1/8	3/8	1	1	1/8	1/8	1		2	50	481
313/2	0.5	83	83	1/8	1/8	3/8	1	1	1/8	1/8	1		-1	53	481
313/2	0.5	83	83	1/8	1/8	3/8	1	1	1/8	1/8	1		5	59	481
157	0.5	83	83	1/4	1/4	3/8	2	1	1/8	1/8	1		3	33	485
157	0.5	83	83	1/4	1/4	3/8	2	1	1/8	1/8	1		3	45	485
157	0.5	83	83	1/4	1/4	3/8	1	1	1/8	1/8	1		7	49	482
157	0.5	83	83	1/4	1/4	3/8	1	1	1/8	1/8	1		4	52	482
157	0.5	83	83	1/4	1/4	3/8	1	1	1/8	1/8	1		3	57	482
315/2	0.5	84	84	0	0	3/8	2	1	1/8	1/8	1		10	34	489
315/2	0.5	84	84	0	0	3/8	2	1	1/8	1/8	1		10	46	489
315/2	0.5	84	84	0	0	3/8	1	1	1/8	1/8	1		4	52	486
315/2	0.5	84	84	0	0	3/8	1	1	1/8	1/8	1		8	56	486
315/2	0.5	84	84	0	0	3/8	1	1	1/8	1/8	1		2	62	486
158	0.5	84	84	1/8	1/8	3/8	2	1	1/8	1/8	1		5	35	490
158	0.5	84	84	1/8	1/8	3/8	2	1	1/8	1/8	1		5	47	490
158	0.5	84	84	1/8	1/8	3/8	1	1	1/8	1/8	1		-1	53	487
158	0.5	84	84	1/8	1/8	3/8	1	1	1/8	1/8	1		3	57	487
158	0.5	84	84	1/8	1/8	3/8	1	1	1/8	1/8	1		2	62	487
317/2	0.5	84	84	1/4	1/4	3/8	2	1	1/8	1/8	1		0	36	491
317/2	0.5	84	84	1/4	1/4	3/8	2	1	1/8	1/8	1		0	48	491
317/2	0.5	84	84	1/4	1/4	3/8	1	1	1/8	1/8	1		-2	58	488
317/2	0.5	84	84	1/4	1/4	3/8	1	1	1/8	1/8	1		2	62	488
317/2	0.5	84	84	1/4	1/4	3/8	1	1	1/8	1/8	1		1	67	488
159	0.5	85	85	0	0	3/8	2	1	1/8	1/8	1		1	31	494
159	0.5	85	85	0	0	3/8	2	1	1/8	1/8	1		1	43	494
319/2	0.5	85	85	1/8	1/8	3/8	2	1	1/8	1/8	1		8	32	495
319/2	0.5	85	85	1/8	1/8	3/8	2	1	1/8	1/8	1		8	44	495
319/2	0.5	85	85	1/8	1/8	3/8	1	1	1/8	1/8	1		2	50	492
319/2	0.5	85	85	1/8	1/8	3/8	1	1	1/8	1/8	1		-1	53	492
319/2	0.5	85	85	1/8	1/8	3/8	1	1	1/8	1/8	1		5	59	492
160	0.5	85	85	1/4	1/4	3/8	2	1	1/8	1/8	1		3	33	496
160	0.5	85	85	1/4	1/4	3/8	2	1	1/8	1/8	1		3	45	496
160	0.5	85	85	1/4	1/4	3/8	1	1	1/8	1/8	1		7	49	493
160	0.5	85	85	1/4	1/4	3/8	1	1	1/8	1/8	1		4	52	493
160	0.5	85	85	1/4	1/4	3/8	1	1	1/8	1/8	1		3	57	493
321/2	0.5	86	86	0	0	3/8	2	1	1/8	1/8	1		10	34	500
321/2	0.5	86	86	0	0	3/8	2	1	1/8	1/8	1		10	46	500
321/2	0.5	86	86	0	0	3/8	1	1	1/8	1/8	1		4	52	497
321/2	0.5	86	86	0	0	3/8	1	1	1/8	1/8	1		8	56	497
321/2	0.5	86	86	0	0	3/8	1	1	1/8	1/8	1		2	62	497
161	0.5	86	86	1/8	1/8	3/8	2	1	1/8	1/8	1		5	35	501
161	0.5	86	86	1/8	1/8	3/8	2	1	1/8	1/8	1		5	47	501
161	0.5	86	86	1/8	1/8	3/8	1	1	1/8	1/8	1		-1	53	498
161	0.5	86	86	1/8	1/8	3/8	1	1	1/8	1/8	1		3	57	498
161	0.5	86	86	1/8	1/8	3/8	1	1	1/8	1/8	1		2	62	498
323/2	0.5	86	86	1/4	1/4	3/8	2	1	1/8	1/8	1		0	36	502
323/2	0.5	86	86	1/4	1/4	3/8	2	1	1/8	1/8	1		0	48	502
323/2	0.5	86	86	1/4	1/4	3/8	1	1	1/8	1/8	1		-2	58	499
323/2	0.5	86	86	1/4	1/4	3/8	1	1	1/8	1/8	1		2	62	499
323/2	0.5	86	86	1/4	1/4	3/8	1	1	1/8	1/8	1		1	67	499
162	2.0	87	87	0	0	3/4	2	1	1/2	1/2	1		7	49	505
162	2.0	87	87	0	0	3/4	2	1	1/2	1/2	1		11	53	505
162	2.0	87	87	0	0	3/4	2	1	1/2	1/2	1		5	59	505
162	2.0	87	87	0	0	3/4	2	1	1/2	1/2	1		9	63	505
163	1.0	87	87	1/4	1/4	3/4	1	1	1/4	1/4	1		5	71	503
163	1.0	87	87	1/4	1/4	3/4	1	1	1/4	1/4	1		9	75	503
163	1.0	87	87	1/4	1/4	3/4	1	1	1/4	1/4	1		5	83	503
164	1.0	87	87	1/2	1/2	3/4	2	1	1/4	1/4	1		2	50	506
164	1.0	87	87	1/2	1/2	3/4	2	1	1/4	1/4	1		6	54	506
164	1.0	87	87	1/2	1/2	3/4	2	1	1/4	1/4	1		0	60	506
164	1.0	87	87	1/2	1/2	3/4	2	1	1/4	1/4	1		4	64	506
164	1.0	87	87	1/2	1/2	3/4	1	1	1/4	1/4	1		3	69	504
164	1.0	87	87	1/2	1/2	3/4	1	1	1/4	1/4	1		4	76	504
164	1.0	87	87	1/2	1/2	3/4	1	1	1/4	1/4	1		3	81	504
165	1.0	88	88	0	0	3/4	2	1	1/4	1/4	1		-1	53	510
165	1.0	88	88	0	0	3/4	2	1	1/4	1/4	1		3	57	510
165	1.0	88	88	0	0	3/4	2	1	1/4	1/4	1		-3	63	510
165	1.0	88	88	0	0	3/4	2	1	1/4	1/4	1		1	67	510
165	1.0	88	88	0	0	3/4	1	1	1/4	1/4	1		2	74	507
165	1.0	88	88	0	0	3/4	1	1	1/4	1/4	1		1	79	507
165	1.0	88	88	0	0	3/4	1	1	1/4	1/4	1		2	86	507
166	1.0	88	88	1/4	1/4	3/4	2	1	1/4	1/4	1		6	54	511
166	1.0	88	88	1/4	1/4	3/4	2	1	1/4	1/4	1		10	58	511
166	1.0	88	88	1/4	1/4	3/4	2	1	1/4	1/4	1		4	64	511
166	1.0	88	88	1/4	1/4	3/4	2	1	1/4	1/4	1		8	68	511
166	1.0	88	88	1/4	1/4	3/4	1	1	1/4	1/4	1		2	74	508
166	1.0	88	88	1/4	1/4	3/4	1	1	1/4	1/4	1		8	80	508
166	1.0	88	88	1/4	1/4	3/4	1	1	1/4	1/4	1		2	86	508
167	1.0	88	88	1/2	1/2	3/4	2	1	1/4	1/4	1	1	1	55	512
167	1.0	88	88	1/2	1/2	3/4	2	1	1/4	1/4	1	1	5	59	512
167	1.0	88	88	1/2	1/2	3/4	2	1	1/4	1/4	1	1	-1	65	512
167	1.0	88	88	1/2	1/2	3/4	2	1	1/4	1/4	1		5	71	512
167	1.0	88	88	1/2	1/2	3/4	1	1	1/4	1/4	1	1	1	79	509
167	1.0	88	88	1/2	1/2	3/4	1	1	1/4	1/4	1	1	2	86	509
167	1.0	88	88	1/2	1/2	3/4	1	1	1/4	1/4	1	1	1	91	509
168	1.5	89	89	0	0	3/8	2	2	3/8	1/4	3/2	-1	1	55	519
168	1.5	89	89	0	0	3/8	2	2	3/8	1/4	3/2	-1	5	59	519
168	1.5	89	89	0	0	3/8	2	2	3/8	1/4	3/2	-1	-1	65	519
168	0.5	89	89	0	0	3/8	2	1	1/8	1/8	1		3	69	516
168	0.5	89	89	0	0	3/8	1	1	1/8	1/8	1	-1	1	79	513
168	0.5	89	89	0	0	3/8	1	1	1/8	1/8	1	-1	2	86	513
168	0.5	89	89	0	0	3/8	1	1	1/8	1/8	1	-1	1	91	513
337/2	0.5	89	89	1/8	1/8	3/8	2	1	1/8	1/8	1		2	74	517
337/2	0.5	89	89	1/8	1/8	3/8	1	1	1/8	1/8	1		-1	77	514
337/2	0.5	89	89	1/8	1/8	3/8	1	1	1/8	1/8	1		-1	89	514
169	0.5	89	89	1/4	1/4	3/8	2	1	1/8	1/8	1		2	74	518
169	0.5	89	89	1/4	1/4	3/8	1	1	1/8	1/8	1		4	76	515
169	0.5	89	89	1/4	1/4	3/8	1	1	1/8	1/8	1		4	88	515
339/2	0.5	90	90	0	0	3/8	1	1	1/8	1/8	1		2	74	520
339/2	0.5	90	90	0	0	3/8	2	1	1/8	1/8	1		1	79	523
339/2	0.5	90	90	0	0	3/8	1	1	1/8	1/8	1		2	86	520
170	0.5	90	90	1/8	1/8	3/8	2	1	1/8	1/8	1		1	67	524
170	0.5	90	90	1/8	1/8	3/8	1	1	1/8	1/8	1		1	79	521
341/2	0.5	90	90	1/4	1/4	3/8	2	1	1/8	1/8	1		-1	65	525
341/2	0.5	90	90	1/4	1/4	3/8	1	1	1/8	1/8	1		-1	77	522
171	0.5	91	91	0	0	3/8	2	1	1/8	1/8	1		4	64	528
171	0.5	91	91	0	0	3/8	1	1	1/8	1/8	1		4	76	526
343/2	0.5	91	91	1/8	1/8	3/8	2	1	1/8	1/8	1		2	62	529
343/2	0.5	91	91	1/8	1/8	3/8	1	1	1/8	1/8	1		2	74	527
172	0.5	91	91	1/4	1/4	3/8	2	1	1/8	1/8	1		1	31	530
172	0.5	91	91	1/4	1/4	3/8	2	1	1/8	1/8	1		1	43	530
345/2	0.5	92	92	0	0	3/8	2	1	1/8	1/8	1		-1	29	531
345/2	0.5	92	92	0	0	3/8	2	1	1/8	1/8	1		-1	41	531
173	0.5	92	92	1/8	1/8	3/8	2	1	1/8	1/8	1		4	28	532
173	0.5	92	92	1/8	1/8	3/8	2	1	1/8	1/8	1		4	40	532
347/2	0.5	92	92	1/4	1/4	3/8	2	1	1/8	1/8	1		2	26	533
347/2	0.5	92	92	1/4	1/4	3/8	2	1	1/8	1/8	1		2	38	533
174	1.5	93	93	0	0	3/8	2	1	3/8	1/4	3/2	1	7	25	534
174	1.5	93	93	0	0	3/8	2	1	3/8	1/4	3/2	1	7	37	534
351/2	1.5	94	94	0	0	3/8	2	2	3/8	1/4	3/2	-1	7	25	537
351/2	1.5	94	94	0	0	3/8	2	2	3/8	1/4	3/2	-1	7	37	537
351/2	1.5	94	94	0	0	3/8	2	1	3/8	1/4	3/2	1	7	49	536
351/2	1.5	94	94	0	0	3/8	2	1	3/8	1/4	3/2	1	-1	53	536
351/2	1.5	94	94	0	0	3/8	2	1	3/8	1/4	3/2	1	5	59	536
351/2	1.5	94	94	0	0	3/8	2	1	3/8	1/4	3/2	1	2	62	536
351/2	1.5	94	94	0	0	3/8	1	2	3/8	1/4	3/2	1	1	67	535
351/2	1.5	94	94	0	0	3/8	1	2	3/8	1/4	3/2	1	5	71	535
351/2	1.5	94	94	0	0	3/8	1	2	3/8	1/4	3/2	1	2	74	535
351/2	1.5	94	94	0	0	3/8	1	2	3/8	1/4	3/2	1	1	79	535
177	1.5	95	95	0	0	3/8	2	1	3/8	1/4	3/2	0	7	49	539
177	1.5	95	95	0	0	3/8	2	1	3/8	1/4	3/2	0	-1	53	539
177	1.5	95	95	0	0	3/8	2	1	3/8	1/4	3/2	0	5	59	539
177	1.5	95	95	0	0	3/8	2	1	3/8	1/4	3/2	0	2	62	539
177	1.5	95	95	0	0	3/8	1	2	3/8	1/4	3/2	0	1	67	538
177	1.5	95	95	0	0	3/8	1	2	3/8	1/4	3/2	0	5	71	538
177	1.5	95	95	0	0	3/8	1	2	3/8	1/4	3/2	0	2	74	538
177	1.5	95	95	0	0	3/8	1	2	3/8	1/4	3/2	0	1	79	538
357/2	1.5	96	96	0	0	3/8	2	1	3/8	1/4	3/2	-1	7	49	542
357/2	1.5	96	96	0	0	3/8	2	1	3/8	1/4	3/2	-1	-1	53	542
357/2	1.5	96	96	0	0	3/8	2	1	3/8	1/4	3/2	-1	5	59	542
357/2	1.5	96	96	0	0	3/8	2	1	3/8	1/4	3/2	-1	2	62	542
357/2	1.5	96	96	0	0	3/8	1	2	3/8	1/4	3/2	0	1	67	541
357/2	1.5	96	96	0	0	3/8	1	2	3/8	1/4	3/2	0	5	71	541
357/2	1.5	96	96	0	0	3/8	1	2	3/8	1/4	3/2	0	2	74	541
357/2	1.5	96	96	0	0	3/8	1	2	3/8	1/4	3/2	0	1	79	541
357/2	1.5	96	96	0	0	3/8	1	1	3/8	1/4	3/2		5	83	540
357/2	1.5	96	96	0	0	3/8	1	1	3/8	1/4	3/2		5	95	540
180	1.5	97	97	0	0	3/8	2	1	3/8	1/4	3/2	1	7	49	545
180	1.5	97	97	0	0	3/8	2	1	3/8	1/4	3/2	1	-1	53	545
180	1.5	97	97	0	0	3/8	2	1	3/8	1/4	3/2	1	5	59	545
180	1.5	97	97	0	0	3/8	2	1	3/8	1/4	3/2	1	2	62	545
180	1.5	97	97	0	0	3/8	1	2	3/8	1/4	3/2	0	1	67	544
180	1.5	97	97	0	0	3/8	1	2	3/8	1/4	3/2	0	5	71	544
180	1.5	97	97	0	0	3/8	1	2	3/8	1/4	3/2	0	2	74	544
180	1.5	97	97	0	0	3/8	1	2	3/8	1/4	3/2	0	1	79	544
180	1.5	97	97	0	0	3/8	1	1	3/8	1/4	3/2		3	81	543
180	1.5	97	97	0	0	3/8	1	1	3/8	1/4	3/2		3	93	543
363/2	1.0	98	98	0	0	3/8	2	1	1/4	1/4	1	-1	7	49	548
363/2	1.0	98	98	0	0	3/8	2	1	1/4	1/4	1	-1	-1	53	548
363/2	1.0	98	98	0	0	3/8	2	1	1/4	1/4	1	-1	5	59	548
363/2	1.0	98	98	0	0	3/8	2	1	1/4	1/4	1	-1	2	62	548
363/2	1.5	98	98	0	0	3/8	1	2	3/8	1/4	3/2	-1	1	67	547
363/2	1.5	98	98	0	0	3/8	1	2	3/8	1/4	3/2	-1	5	71	547
363/2	1.5	98	98	0	0	3/8	1	2	3/8	1/4	3/2	-1	2	74	547
363/2	1.5	98	98	0	0	3/8	1	2	3/8	1/4	3/2	-1	1	79	547
363/2	1.5	98	98	0	0	3/8	1	1	3/8	1/4	3/2		2	86	546
363/2	1.5	98	98	0	0	3/8	1	1	3/8	1/4	3/2		2	98	546
183	1.5	99	99	0	0	3/8	2	1	3/8	1/4	3/2	1	7	49	550
183	1.5	99	99	0	0	3/8	2	1	3/8	1/4	3/2	1	-1	53	550
183	1.5	99	99	0	0	3/8	2	1	3/8	1/4	3/2	1	5	59	550
183	1.5	99	99	0	0	3/8	2	1	3/8	1/4	3/2	1	2	62	550
183	1.5	99	99	0	0	3/8	1	2	3/8	1/4	3/2	1	1	67	549
183	1.5	99	99	0	0	3/8	1	2	3/8	1/4	3/2	1	5	71	549
183	1.5	99	99	0	0	3/8	1	2	3/8	1/4	3/2	1	2	74	549
183	1.5	99	99	0	0	3/8	1	2	3/8	1/4	3/2	1	1	79	549
369/2	1.5	100	100	0	0	3/8	2	1	3/8	1/4	3/2	0	7	49	553
369/2	1.5	100	100	0	0	3/8	2	1	3/8	1/4	3/2	0	-1	53	553
369/2	1.5	100	100	0	0	3/8	2	1	3/8	1/4	3/2	0	5	59	553
369/2	1.5	100	100	0	0	3/8	2	1	3/8	1/4	3/2	0	2	62	553
369/2	1.5	100	100	0	0	3/8	1	2	3/8	1/4	3/2	0	1	67	552
369/2	1.5	100	100	0	0	3/8	1	2	3/8	1/4	3/2	0	5	71	552
369/2	1.5	100	100	0	0	3/8	1	2	3/8	1/4	3/2	0	2	74	552
369/2	1.5	100	100	0	0	3/8	1	2	3/8	1/4	3/2	0	1	79	552
369/2	1.5	100	100	0	0	3/8	1	1	3/8	1/4	3/2		5	83	551
369/2	1.5	100	100	0	0	3/8	1	1	3/8	1/4	3/2		5	95	551
186	1.5	101	101	0	0	3/8	2	2	3/8	1/4	3/2		7	25	557
186	1.5	101	101	0	0	3/8	2	1	3/8	1/4	3/2	0	7	49	556
186	1.5	101	101	0	0	3/8	2	1	3/8	1/4	3/2	0	-1	53	556
186	1.5	101	101	0	0	3/8	2	1	3/8	1/4	3/2	0	5	59	556
186	1.5	101	101	0	0	3/8	2	1	3/8	1/4	3/2	0	2	62	556
186	1.5	101	101	0	0	3/8	1	2	3/8	1/4	3/2	0	1	67	555
186	1.5	101	101	0	0	3/8	1	2	3/8	1/4	3/2	0	5	71	555
186	1.5	101	101	0	0	3/8	1	2	3/8	1/4	3/2	0	2	74	555
186	1.5	101	101	0	0	3/8	1	2	3/8	1/4	3/2	0	1	79	555
186	1.5	101	101	0	0	3/8	1	1	3/8	1/4	3/2		3	81	554
186	1.5	101	101	0	0	3/8	1	1	3/8	1/4	3/2		3	93	554
375/2	1.5	102	102	0	0	3/8	2	1	3/8	1/4	3/2	-1	7	49	560
375/2	1.5	102	102	0	0	3/8	2	1	3/8	1/4	3/2	-1	-1	53	560
375/2	1.5	102	102	0	0	3/8	2	1	3/8	1/4	3/2	-1	5	59	560
375/2	1.5	102	102	0	0	3/8	2	1	3/8	1/4	3/2	-1	2	62	560
375/2	1.5	102	102	0	0	3/8	1	2	3/8	1/4	3/2	-1	1	67	559
375/2	1.5	102	102	0	0	3/8	1	2	3/8	1/4	3/2	-1	5	71	559
375/2	1.5	102	102	0	0	3/8	1	2	3/8	1/4	3/2	-1	2	74	559
375/2	1.5	102	102	0	0	3/8	1	2	3/8	1/4	3/2	-1	1	79	559
375/2	1.5	102	102	0	0	3/8	1	1	3/8	1/4	3/2		2	86	558
375/2	1.5	102	102	0	0	3/8	1	1	3/8	1/4	3/2		2	98	558
189	1.5	103	103	0	0	3/8	2	1	3/8	1/4	3/2	1	0	48	562
189	1.5	103	103	0	0	3/8	2	1	3/8	1/4	3/2	1	4	52	562
189	1.5	103	103	0	0	3/8	2	1	3/8	1/4	3/2	1	5	59	562
189	1.5	103	103	0	0	3/8	2	1	3/8	1/4	3/2	1	2	62	562
189	1.5	103	103	0	0	3/8	1	2	3/8	1/4	3/2	1	1	67	561
189	1.5	103	103	0	0	3/8	1	2	3/8	1/4	3/2	1	5	71	561
189	1.5	103	103	0	0	3/8	1	2	3/8	1/4	3/2	1	2	74	561
189	1.5	103	103	0	0	3/8	1	2	3/8	1/4	3/2	1	1	79	561
381/2	1.5	104	104	0	0	3/8	2	1	3/8	1/4	3/2	0	0	48	565
381/2	1.5	104	104	0	0	3/8	2	1	3/8	1/4	3/2	0	4	52	565
381/2	1.5	104	104	0	0	3/8	2	1	3/8	1/4	3/2	0	5	59	565
381/2	1.5	104	104	0	0	3/8	2	1	3/8	1/4	3/2	0	2	62	565
381/2	1.5	104	104	0	0	3/8	1	2	3/8	1/4	3/2	0	1	67	564
381/2	1.5	104	104	0	0	3/8	1	2	3/8	1/4	3/2	0	5	71	564
381/2	1.5	104	104	0	0	3/8	1	2	3/8	1/4	3/2	0	2	74	564
381/2	1.5	104	104	0	0	3/8	1	2	3/8	1/4	3/2	0	1	79	564
381/2	1.5	104	104	0	0	3/8	1	1	3/8	1/4	3/2		5	83	563
381/2	1.5	104	104	0	0	3/8	1	1	3/8	1/4	3/2		5	95	563
192	1.5	105	105	0	0	3/8	2	2	3/8	1/4	3/2		0	24	569
192	1.5	105	105	0	0	3/8	2	1	3/8	1/4	3/2	0	0	48	568
192	1.5	105	105	0	0	3/8	2	1	3/8	1/4	3/2	0	4	52	568
192	1.5	105	105	0	0	3/8	2	1	3/8	1/4	3/2	0	5	59	568
192	1.5	105	105	0	0	3/8	2	1	3/8	1/4	3/2	0	2	62	568
192	1.5	105	105	0	0	3/8	1	2	3/8	1/4	3/2	0	1	67	567
192	1.5	105	105	0	0	3/8	1	2	3/8	1/4	3/2	0	5	71	567
192	1.5	105	105	0	0	3/8	1	2	3/8	1/4	3/2	0	2	74	567
192	1.5	105	105	0	0	3/8	1	2	3/8	1/4	3/2	0	1	79	567
192	1.5	105	105	0	0	3/8	1	1	3/8	1/4	3/2		3	81	566
192	1.5	105	105	0	0	3/8	1	1	3/8	1/4	3/2		3	93	566
387/2	1.5	106	106	0	0	3/8	2	1	3/8	1/4	3/2	-1	0	48	572
387/2	1.5	106	106	0	0	3/8	2	1	3/8	1/4	3/2	-1	4	52	572
387/2	1.5	106	106	0	0	3/8	2	1	3/8	1/4	3/2	-1	5	59	572
387/2	1.5	106	106	0	0	3/8	2	1	3/8	1/4	3/2	-1	2	62	572
387/2	1.5	106	106	0	0	3/8	1	2	3/8	1/4	3/2	-1	1	67	571
387/2	1.5	106	106	0	0	3/8	1	2	3/8	1/4	3/2	-1	5	71	571
387/2	1.5	106	106	0	0	3/8	1	2	3/8	1/4	3/2	-1	2	74	571
387/2	1.5	106	106	0	0	3/8	1	2	3/8	1/4	3/2	-1	1	79	571
387/2	1.5	106	106	0	0	3/8	1	1	3/8	1/4	3/2		2	86	570
387/2	1.5	106	106	0	0	3/8	1	1	3/8	1/4	3/2		2	98	570
195	1.5	107	107	0	0	3/8	2	1	3/8	1/4	3/2	1	0	48	574
195	1.5	107	107	0	0	3/8	2	1	3/8	1/4	3/2	1	4	52	574
195	1.5	107	107	0	0	3/8	2	1	3/8	1/4	3/2	1	3	57	574
195	1.5	107	107	0	0	3/8	2	1	3/8	1/4	3/2	1	0	60	574
195	1.5	107	107	0	0	3/8	1	2	3/8	1/4	3/2	1	1	67	573
195	1.5	107	107	0	0	3/8	1	2	3/8	1/4	3/2	1	3	69	573
195	1.5	107	107	0	0	3/8	1	2	3/8	1/4	3/2	1	0	72	573
195	1.5	107	107	0	0	3/8	1	2	3/8	1/4	3/2	1	1	79	573
393/2	1.5	108	108	0	0	3/8	2	1	3/8	1/4	3/2	-1	0	48	577
393/2	1.5	108	108	0	0	3/8	2	1	3/8	1/4	3/2	-1	4	52	577
393/2	1.5	108	108	0	0	3/8	2	1	3/8	1/4	3/2	-1	3	57	577
393/2	1.5	108	108	0	0	3/8	2	1	3/8	1/4	3/2	-1	0	60	577
393/2	1.5	108	108	0	0	3/8	1	2	3/8	1/4	3/2	0	1	67	576
393/2	1.5	108	108	0	0	3/8	1	2	3/8	1/4	3/2	0	3	69	576
393/2	1.5	108	108	0	0	3/8	1	2	3/8	1/4	3/2	0	0	72	576
393/2	1.5	108	108	0	0	3/8	1	2	3/8	1/4	3/2	0	1	79	576
393/2	1.5	108	108	0	0	3/8	1	1	3/8	1/4	3/2		5	83	575
393/2	1.5	108	108	0	0	3/8	1	1	3/8	1/4	3/2		5	95	575
198	1.5	109	109	0	0	3/8	2	2	3/8	1/4	3/2		0	24	580
198	1.5	109	109	0	0	3/8	2	1	3/8	1/4	3/2	1	0	48	579
198	1.5	109	109	0	0	3/8	2	1	3/8	1/4	3/2	1	4	52	579
198	1.5	109	109	0	0	3/8	2	1	3/8	1/4	3/2	1	3	57	579
198	1.5	109	109	0	0	3/8	2	1	3/8	1/4	3/2	1	0	60	579
198	1.5	109	109	0	0	3/8	1	2	3/8	1/4	3/2	0	1	67	578
198	1.5	109	109	0	0	3/8	1	2	3/8	1/4	3/2	0	3	69	578
198	1.5	109	109	0	0	3/8	1	2	3/8	1/4	3/2	0	0	72	578
198	1.5	109	109	0	0	3/8	1	2	3/8	1/4	3/2	0	1	79	578
399/2	1.5	110	110	0	0	3/8	2	1	3/8	1/4	3/2	-1	0	48	583
399/2	1.5	110	110	0	0	3/8	2	1	3/8	1/4	3/2	-1	4	52	583
399/2	1.5	110	110	0	0	3/8	2	1	3/8	1/4	3/2	-1	3	57	583
399/2	1.5	110	110	0	0	3/8	2	1	3/8	1/4	3/2	-1	0	60	583
399/2	1.5	110	110	0	0	3/8	1	2	3/8	1/4	3/2	-1	1	67	582
399/2	1.5	110	110	0	0	3/8	1	2	3/8	1/4	3/2	-1	3	69	582
399/2	1.5	110	110	0	0	3/8	1	2	3/8	1/4	3/2	-1	0	72	582
399/2	1.5	110	110	0	0	3/8	1	2	3/8	1/4	3/2	-1	1	79	582
399/2	1.5	110	110	0	0	3/8	1	1	3/8	1/4	3/2		3	81	581
399/2	1.5	110	110	0	0	3/8	1	1	3/8	1/4	3/2		3	93	581
204	2.0	113	113	0	0	3/4	2	1	1/2	1/2	1	1	-2	46	586
205	1.0	113	113	1/4	1/4	3/4	1	1	1/4	1/4	1		1	55	584
205	1.0	113	113	1/4	1/4	3/4	1	1	1/4	1/4	1		-5	61	584
205	1.0	113	113	1/4	1/4	3/4	1	1	1/4	1/4	1		-1	65	584
206	0.75	113	113	1/2	1/2	3/4	2	1	3/16	1/8	3/2	-1	-2	46	587
206	1.0	113	113	1/2	1/2	3/4	1	1	1/4	1/4	1		1	55	585
206	1.0	113	113	1/2	1/2	3/4	1	1	1/4	1/4	1		0	60	585
206	1.0	113	113	1/2	1/2	3/4	1	1	1/4	1/4	1		-1	65	585
827/4	0.25	113	113	11/16	11/16	3/4	2	1	1/16	1/16	1		0	48	588
207	2.0	114	114	0	0	3/4	2	1	1/2	1/2	1		-5	49	591
208	1.0	114	114	1/4	1/4	3/4	1	1	1/4	1/4	1		1	55	589
208	1.0	114	114	1/4	1/4	3/4	1	1	1/4	1/4	1		-2	58	589
208	1.0	114	114	1/4	1/4	3/4	1	1	1/4	1/4	1		-1	65	589
209	0.75	114	114	1/2	1/2	3/4	2	1	3/16	1/8	3/2		-5	49	592
209	1.0	114	114	1/2	1/2	3/4	1	1	1/4	1/4	1		1	55	590
209	1.0	114	114	1/2	1/2	3/4	1	1	1/4	1/4	1		-2	58	590
209	1.0	114	114	1/2	1/2	3/4	1	1	1/4	1/4	1		-3	63	590
839/4	0.25	114	114	11/16	11/16	3/4	2	1	1/16	1/16	1		-3	51	593
210	1.5	115	115	0	0	3/8	2	1	3/8	1/4	3/2	1	1	43	600
210	1.5	115	115	0	0	3/8	2	1	3/8	1/4	3/2	1	2	50	600
210	1.5	115	115	0	0	3/8	2	1	3/8	1/4	3/2	1	4	52	600
210	1.5	115	115	0	0	3/8	1	2	3/8	1/4	3/2	1	1	55	599
210	1.5	115	115	0	0	3/8	1	2	3/8	1/4	3/2	1	5	59	599
210	1.5	115	115	0	0	3/8	1	2	3/8	1/4	3/2	1	2	62	599
841/4	0.25	115	115	1/16	1/16	3/8	1	1	1/16	1/16	1		5	71	594
421/2	0.25	115	115	1/8	1/8	3/8	1	1	1/16	1/16	1		3	69	595
843/4	0.25	115	115	3/16	3/16	3/8	1	1	1/16	1/16	1		2	74	596
211	0.25	115	115	1/4	1/4	3/8	1	1	1/16	1/16	1		1	79	597
845/4	0.25	115	115	5/16	5/16	3/8	1	1	1/16	1/16	1		5	83	598
423/2	1.5	116	116	0	0	3/8	2	1	3/8	1/4	3/2	0	1	43	608
423/2	1.5	116	116	0	0	3/8	2	1	3/8	1/4	3/2	0	2	50	608
423/2	1.5	116	116	0	0	3/8	2	1	3/8	1/4	3/2	0	4	52	608
423/2	1.5	116	116	0	0	3/8	1	2	3/8	1/4	3/2	0	1	55	607
423/2	1.5	116	116	0	0	3/8	1	2	3/8	1/4	3/2	0	5	59	607
423/2	1.5	116	116	0	0	3/8	1	2	3/8	1/4	3/2	0	2	62	607
423/2	0.25	116	116	0	0	3/8	1	1	1/16	1/16	1		3	81	601
847/4	0.25	116	116	1/16	1/16	3/8	1	1	1/16	1/16	1		2	86	602
212	0.25	116	116	1/8	1/8	3/8	1	1	1/16	1/16	1		1	91	603
849/4	0.25	116	116	3/16	3/16	3/8	1	1	1/16	1/16	1		5	83	604
425/2	0.25	116	116	1/4	1/4	3/8	1	1	1/16	1/16	1		3	81	605
851/4	0.25	116	116	5/16	5/16	3/8	1	1	1/16	1/16	1		2	86	606
213	1.5	117	117	0	0	3/8	2	1	3/8	1/4	3/2	0	1	43	611
213	1.5	117	117	0	0	3/8	2	1	3/8	1/4	3/2	0	2	50	611
213	1.5	117	117	0	0	3/8	2	1	3/8	1/4	3/2	0	4	52	611
213	1.5	117	117	0	0	3/8	1	2	3/8	1/4	3/2	0	1	55	610
213	1.5	117	117	0	0	3/8	1	2	3/8	1/4	3/2	0	5	59	610
213	1.5	117	117	0	0	3/8	1	2	3/8	1/4	3/2	0	2	62	610
213	0.5	117	117	0	0	3/8	1	1	1/8	1/8	1		1	91	609
429/2	0.5	118	118	0	0	3/8	2	2	1/8	1/8	1		1	31	614
429/2	1.5	118	118	0	0	3/8	2	1	3/8	1/4	3/2	-1	1	43	613
429/2	1.5	118	118	0	0	3/8	2	1	3/8	1/4	3/2	-1	2	50	613
429/2	1.5	118	118	0	0	3/8	2	1	3/8	1/4	3/2	-1	4	52	613
429/2	1.5	118	118	0	0	3/8	1	2	3/8	1/4	3/2	-1	1	55	612
429/2	1.5	118	118	0	0	3/8	1	2	3/8	1/4	3/2	-1	5	59	612
429/2	1.5	118	118	0	0	3/8	1	2	3/8	1/4	3/2	-1	2	62	612
