mc	mn	quarterbeats	duration_qb	mc_onset	mn_onset	timesig	staff	voice	duration	gracenote	nominal_duration	scalar	tied	tpc	midi	name	octave	chord_id
1	1	0	1.0	0	0	2/2	3	1	1/4		1/4	1		-2	34	Bb1	1	4
1	1	0	1.0	0	0	2/2	2	1	1/4		1/4	1		-2	46	Bb2	2	0
1	1	1	1.0	1/4	1/4	2/2	3	1	1/4		1/4	1		-4	32	Ab1	1	5
1	1	1	1.0	1/4	1/4	2/2	2	1	1/4		1/4	1		-4	44	Ab2	2	1
1	1	2	1.0	1/2	1/2	2/2	3	1	1/4		1/4	1		-1	29	F1	1	6
1	1	2	1.0	1/2	1/2	2/2	2	1	1/4		1/4	1		-1	41	F2	2	2
1	1	3	1.0	3/4	3/4	2/2	3	1	1/4		1/4	1		-4	32	Ab1	1	7
1	1	3	1.0	3/4	3/4	2/2	2	1	1/4		1/4	1		-4	44	Ab2	2	3
2	2	4	1.0	0	0	2/2	3	1	1/4		1/4	1		-7	35	Cb2	2	12
2	2	4	1.0	0	0	2/2	2	1	1/4		1/4	1		-7	47	Cb3	3	8
2	2	5	1.0	1/4	1/4	2/2	3	1	1/4		1/4	1		-5	37	Db2	2	13
2	2	5	1.0	1/4	1/4	2/2	2	1	1/4		1/4	1		-5	49	Db3	3	9
2	2	6	1.0	1/2	1/2	2/2	3	1	1/4		1/4	1		-3	39	Eb2	2	14
2	2	6	1.0	1/2	1/2	2/2	2	1	1/4		1/4	1		-3	51	Eb3	3	10
2	2	7	1.0	3/4	3/4	2/2	3	1	1/4		1/4	1		-7	35	Cb2	2	15
2	2	7	1.0	3/4	3/4	2/2	2	1	1/4		1/4	1		-7	47	Cb3	3	11
3	3	8	1.0	0	0	2/2	3	1	1/4		1/4	1		-1	41	F2	2	21
3	3	8	1.0	0	0	2/2	2	1	1/4		1/4	1		-1	53	F3	3	16
3	3	9	0.5	1/4	1/4	2/2	3	1	1/8		1/8	1		-3	39	Eb2	2	22
3	3	9	0.5	1/4	1/4	2/2	2	1	1/8		1/8	1		-3	51	Eb3	3	17
3	3	19/2	0.5	3/8	3/8	2/2	3	1	1/8		1/8	1		-3	39	Eb2	2	23
3	3	19/2	0.5	3/8	3/8	2/2	2	1	1/8		1/8	1		-3	51	Eb3	3	18
3	3	10	1.0	1/2	1/2	2/2	3	1	1/4		1/4	1		-7	35	Cb2	2	24
3	3	10	1.0	1/2	1/2	2/2	2	1	1/4		1/4	1		-7	47	Cb3	3	19
3	3	11	1.0	3/4	3/4	2/2	3	1	1/4		1/4	1		-6	42	Gb2	2	25
3	3	11	1.0	3/4	3/4	2/2	2	1	1/4		1/4	1		-6	54	Gb3	3	20
4	4	12	1.0	0	0	2/2	3	1	1/4		1/4	1		-1	41	F2	2	31
4	4	12	1.0	0	0	2/2	2	1	1/4		1/4	1		-1	53	F3	3	26
4	4	13	0.5	1/4	1/4	2/2	3	1	1/8		1/8	1		-3	39	Eb2	2	32
4	4	13	0.5	1/4	1/4	2/2	2	1	1/8		1/8	1		-3	51	Eb3	3	27
4	4	27/2	0.5	3/8	3/8	2/2	3	1	1/8		1/8	1		-3	39	Eb2	2	33
4	4	27/2	0.5	3/8	3/8	2/2	2	1	1/8		1/8	1		-3	51	Eb3	3	28
4	4	14	1.0	1/2	1/2	2/2	3	1	1/4		1/4	1		-4	44	Ab2	2	34
4	4	14	1.0	1/2	1/2	2/2	2	1	1/4		1/4	1		-4	56	Ab3	3	29
4	4	15	1.0	3/4	3/4	2/2	3	1	1/4		1/4	1		-2	46	Bb2	2	35
4	4	15	1.0	3/4	3/4	2/2	2	1	1/4		1/4	1		-2	58	Bb3	3	30
5	5	16	1.0	0	0	2/2	3	2	1/4		1/4	1		-6	42	Gb2	2	44
5	5	16	2.0	0	0	2/2	3	1	1/2		1/2	1		-4	44	Ab2	2	42
5	5	16	1.0	0	0	2/2	2	2	1/4		1/4	1		-6	54	Gb3	3	38
5	5	16	2.0	0	0	2/2	2	1	1/2		1/2	1		-4	56	Ab3	3	36
5	5	17	1.0	1/4	1/4	2/2	3	2	1/4		1/4	1		-1	41	F2	2	45
5	5	17	1.0	1/4	1/4	2/2	2	2	1/4		1/4	1		-1	53	F3	3	39
5	5	18	1.0	1/2	1/2	2/2	3	2	1/4		1/4	1		-3	39	Eb2	2	46
5	5	18	2.0	1/2	1/2	2/2	3	1	1/2		1/2	1		-1	41	F2	2	43
5	5	18	1.0	1/2	1/2	2/2	2	2	1/4		1/4	1		-3	51	Eb3	3	40
5	5	18	2.0	1/2	1/2	2/2	2	1	1/2		1/2	1		-1	53	F3	3	37
5	5	19	1.0	3/4	3/4	2/2	3	2	1/4		1/4	1	1	-7	35	Cb2	2	47
5	5	19	1.0	3/4	3/4	2/2	2	2	1/4		1/4	1	1	-7	47	Cb3	3	41
6	6	20	1.0	0	0	2/2	3	2	1/4		1/4	1	-1	-7	35	Cb2	2	55
6	6	20	2.0	0	0	2/2	3	1	1/2		1/2	1		-6	42	Gb2	2	53
6	6	20	1.0	0	0	2/2	2	2	1/4		1/4	1	-1	-7	47	Cb3	3	50
6	6	20	2.0	0	0	2/2	2	1	1/2		1/2	1		-6	54	Gb3	3	48
6	6	21	2.0	1/4	1/4	2/2	3	2	1/2		1/2	1		-5	37	Db2	2	56
6	6	21	2.0	1/4	1/4	2/2	2	2	1/2		1/2	1		-5	49	Db3	3	51
6	6	22	2.0	1/2	1/2	2/2	3	1	1/2		1/2	1		-1	41	F2	2	54
6	6	22	2.0	1/2	1/2	2/2	2	1	1/2		1/2	1		-1	53	F3	3	49
6	6	23	1.0	3/4	3/4	2/2	3	2	1/4		1/4	1		-3	39	Eb2	2	57
6	6	23	1.0	3/4	3/4	2/2	2	2	1/4		1/4	1		-3	51	Eb3	3	52
7	7	24	1.0	0	0	2/2	3	2	1/4		1/4	1		-6	42	Gb2	2	66
7	7	24	2.0	0	0	2/2	3	1	1/2		1/2	1		-4	44	Ab2	2	64
7	7	24	1.0	0	0	2/2	2	2	1/4		1/4	1		-6	54	Gb3	3	60
7	7	24	2.0	0	0	2/2	2	1	1/2		1/2	1		-4	56	Ab3	3	58
7	7	25	1.0	1/4	1/4	2/2	3	2	1/4		1/4	1		-1	41	F2	2	67
7	7	25	1.0	1/4	1/4	2/2	2	2	1/4		1/4	1		-1	53	F3	3	61
7	7	26	1.0	1/2	1/2	2/2	3	2	1/4		1/4	1		-3	39	Eb2	2	68
7	7	26	2.0	1/2	1/2	2/2	3	1	1/2		1/2	1		-1	41	F2	2	65
7	7	26	1.0	1/2	1/2	2/2	2	2	1/4		1/4	1		-3	51	Eb3	3	62
7	7	26	2.0	1/2	1/2	2/2	2	1	1/2		1/2	1		-1	53	F3	3	59
7	7	27	1.0	3/4	3/4	2/2	3	2	1/4		1/4	1	1	-7	35	Cb2	2	69
7	7	27	1.0	3/4	3/4	2/2	2	2	1/4		1/4	1	1	-7	47	Cb3	3	63
8	8	28	1.0	0	0	2/2	3	2	1/4		1/4	1	-1	-7	35	Cb2	2	77
8	8	28	2.0	0	0	2/2	3	1	1/2		1/2	1		-6	42	Gb2	2	75
8	8	28	1.0	0	0	2/2	2	2	1/4		1/4	1	-1	-7	47	Cb3	3	72
8	8	28	2.0	0	0	2/2	2	1	1/2		1/2	1		-6	54	Gb3	3	70
8	8	29	2.0	1/4	1/4	2/2	3	2	1/2		1/2	1		-5	37	Db2	2	78
8	8	29	2.0	1/4	1/4	2/2	2	2	1/2		1/2	1		-5	49	Db3	3	73
8	8	30	2.0	1/2	1/2	2/2	3	1	1/2		1/2	1		-3	39	Eb2	2	76
8	8	30	2.0	1/2	1/2	2/2	2	1	1/2		1/2	1		-3	51	Eb3	3	71
8	8	31	1.0	3/4	3/4	2/2	3	2	1/4		1/4	1		-7	35	Cb2	2	79
8	8	31	1.0	3/4	3/4	2/2	2	2	1/4		1/4	1		-7	47	Cb3	3	74
9	9	32	1.0	0	0	2/2	3	2	1/4		1/4	1		-2	34	Bb1	1	81
9	9	32	4.0	0	0	2/2	3	1	1		1	1		-2	46	Bb2	2	80
9	9	33	2.0	1/4	1/4	2/2	3	2	1/2		1/2	1		-2	34	Bb1	1	82
9	9	35	1.0	3/4	3/4	2/2	3	2	1/4		1/4	1		-2	34	Bb1	1	83
10	10	36	1.0	0	0	2/2	3	2	1/4		1/4	1		-2	34	Bb1	1	85
10	10	36	4.0	0	0	2/2	3	1	1		1	1		-2	46	Bb2	2	84
10	10	37	2.0	1/4	1/4	2/2	3	2	1/2		1/2	1		-2	34	Bb1	1	86
10	10	39	1.0	3/4	3/4	2/2	3	2	1/4		1/4	1		-2	34	Bb1	1	87
11	11	40	1.0	0	0	2/2	3	2	1/4		1/4	1		-3	39	Eb2	2	96
11	11	40	4.0	0	0	2/2	3	1	1		1	1		-2	46	Bb2	2	95
11	11	40	1.0	0	0	2/2	2	1	1/4		1/4	1		-4	56	Ab3	3	91
11	11	40	1.0	0	0	2/2	2	1	1/4		1/4	1		-7	59	Cb4	4	91
11	11	40	1.0	0	0	2/2	1	1	1/4		1/4	1		-1	65	F4	4	88
11	11	41	1.0	1/4	1/4	2/2	3	2	1/4		1/4	1		-2	34	Bb1	1	97
11	11	41	1.0	1/4	1/4	2/2	2	1	1/4		1/4	1		-6	54	Gb3	3	92
11	11	41	1.0	1/4	1/4	2/2	2	1	1/4		1/4	1		-2	58	Bb3	3	92
11	11	41	1.0	1/4	1/4	2/2	1	1	1/4		1/4	1		-3	63	Eb4	4	89
11	11	42	1.0	1/2	1/2	2/2	3	2	1/4		1/4	1		-3	39	Eb2	2	98
11	11	42	1.0	1/2	1/2	2/2	2	1	1/4		1/4	1		-5	49	Db3	3	93
11	11	42	1.0	1/2	1/2	2/2	2	1	1/4		1/4	1		-1	53	F3	3	93
11	11	42	1.0	1/2	1/2	2/2	2	1	1/4		1/4	1		-2	58	Bb3	3	93
11	11	43	1.0	3/4	3/4	2/2	3	2	1/4		1/4	1		-2	34	Bb1	1	99
11	11	43	1.0	3/4	3/4	2/2	2	1	1/4		1/4	1		-2	58	Bb3	3	94
11	11	43	1.0	3/4	3/4	2/2	1	1	1/4		1/4	1		-5	61	Db4	4	90
11	11	43	1.0	3/4	3/4	2/2	1	1	1/4		1/4	1		-6	66	Gb4	4	90
12	12	44	1.0	0	0	2/2	3	2	1/4		1/4	1		-3	39	Eb2	2	110
12	12	44	4.0	0	0	2/2	3	1	1		1	1		-2	46	Bb2	2	109
12	12	44	1.0	0	0	2/2	2	1	1/4		1/4	1		-4	56	Ab3	3	103
12	12	44	1.0	0	0	2/2	2	1	1/4		1/4	1		-7	59	Cb4	4	103
12	12	44	1.0	0	0	2/2	1	1	1/4		1/4	1		-1	65	F4	4	100
12	12	45	1.0	1/4	1/4	2/2	3	2	1/4		1/4	1		-2	34	Bb1	1	111
12	12	45	0.5	1/4	1/4	2/2	2	1	1/8		1/8	1		-6	54	Gb3	3	104
12	12	45	0.5	1/4	1/4	2/2	2	1	1/8		1/8	1		-2	58	Bb3	3	104
12	12	45	0.5	1/4	1/4	2/2	1	1	1/8		1/8	1		-3	63	Eb4	4	101
12	12	91/2	0.5	3/8	3/8	2/2	2	1	1/8		1/8	1		-1	53	F3	3	105
12	12	91/2	0.5	3/8	3/8	2/2	2	1	1/8		1/8	1		-4	56	Ab3	3	105
12	12	91/2	0.5	3/8	3/8	2/2	1	1	1/8		1/8	1		-5	61	Db4	4	102
12	12	46	1.0	1/2	1/2	2/2	3	2	1/4		1/4	1		-3	39	Eb2	2	112
12	12	46	1.0	1/2	1/2	2/2	2	2	1/4		1/4	1		2	50	D3	3	107
12	12	46	2.0	1/2	1/2	2/2	2	1	1/2		1/2	1		-6	54	Gb3	3	106
12	12	46	2.0	1/2	1/2	2/2	2	1	1/2		1/2	1		-2	58	Bb3	3	106
12	12	47	1.0	3/4	3/4	2/2	3	2	1/4		1/4	1		-2	34	Bb1	1	113
12	12	47	1.0	3/4	3/4	2/2	2	2	1/4		1/4	1		-3	51	Eb3	3	108
13	13	48	1.0	0	0	2/2	3	2	1/4		1/4	1		-3	39	Eb2	2	122
13	13	48	4.0	0	0	2/2	3	1	1		1	1		-2	46	Bb2	2	121
13	13	48	1.0	0	0	2/2	2	1	1/4		1/4	1		-8	52	Fb3	3	118
13	13	48	1.0	0	0	2/2	2	1	1/4		1/4	1		-4	56	Ab3	3	118
13	13	48	1.0	0	0	2/2	1	1	1/4		1/4	1		-2	58	Bb3	3	114
13	13	49	1.0	1/4	1/4	2/2	3	2	1/4		1/4	1		-2	34	Bb1	1	123
13	13	49	1.0	1/4	1/4	2/2	2	1	1/4		1/4	1		-4	56	Ab3	3	119
13	13	49	1.0	1/4	1/4	2/2	2	1	1/4		1/4	1		-2	58	Bb3	3	119
13	13	49	1.0	1/4	1/4	2/2	1	1	1/4		1/4	1		-5	61	Db4	4	115
13	13	50	1.0	1/2	1/2	2/2	3	2	1/4		1/4	1		-3	39	Eb2	2	124
13	13	50	1.0	1/2	1/2	2/2	1	1	1/4		1/4	1		-7	59	Cb4	4	116
13	13	50	1.0	1/2	1/2	2/2	1	1	1/4		1/4	1		-5	61	Db4	4	116
13	13	50	1.0	1/2	1/2	2/2	1	1	1/4		1/4	1		-8	64	Fb4	4	116
13	13	51	1.0	3/4	3/4	2/2	3	2	1/4		1/4	1		-2	34	Bb1	1	125
13	13	51	1.0	3/4	3/4	2/2	2	1	1/4		1/4	1		-2	58	Bb3	3	120
13	13	51	1.0	3/4	3/4	2/2	1	1	1/4		1/4	1		-5	61	Db4	4	117
13	13	51	1.0	3/4	3/4	2/2	1	1	1/4		1/4	1		-3	63	Eb4	4	117
14	14	52	1.0	0	0	2/2	3	2	1/4		1/4	1		-3	39	Eb2	2	135
14	14	52	4.0	0	0	2/2	3	1	1		1	1		-2	46	Bb2	2	134
14	14	52	1.0	0	0	2/2	2	1	1/4		1/4	1		-6	54	Gb3	3	132
14	14	52	1.0	0	0	2/2	1	2	1/4		1/4	1		-2	58	Bb3	3	129
14	14	52	1.0	0	0	2/2	1	1	1/4		1/4	1		0	60	C4	4	126
14	14	53	1.0	1/4	1/4	2/2	3	2	1/4		1/4	1		-2	34	Bb1	1	136
14	14	53	1.0	1/4	1/4	2/2	2	1	1/4		1/4	1		3	57	A3	3	133
14	14	53	1.0	1/4	1/4	2/2	1	2	1/4		1/4	1		-5	61	Db4	4	130
14	14	53	1.0	1/4	1/4	2/2	1	1	1/4		1/4	1		-3	63	Eb4	4	127
14	14	54	1.0	1/2	1/2	2/2	3	2	1/4		1/4	1		-3	39	Eb2	2	137
14	14	54	2.0	1/2	1/2	2/2	1	2	1/2		1/2	1	1	0	60	C4	4	131
14	14	54	2.0	1/2	1/2	2/2	1	1	1/2		1/2	1	1	-3	63	Eb4	4	128
14	14	54	2.0	1/2	1/2	2/2	1	1	1/2		1/2	1	1	-6	66	Gb4	4	128
14	14	55	1.0	3/4	3/4	2/2	3	2	1/4		1/4	1		-2	34	Bb1	1	138
15	15	56	1.0	0	0	2/2	3	2	1/4		1/4	1		-3	39	Eb2	2	146
15	15	56	4.0	0	0	2/2	3	1	1		1	1		-2	46	Bb2	2	145
15	15	56	2.0	0	0	2/2	1	2	1/2		1/2	1	-1	0	60	C4	4	143
15	15	56	1.0	0	0	2/2	1	1	1/4		1/4	1	-1	-3	63	Eb4	4	139
15	15	56	1.0	0	0	2/2	1	1	1/4		1/4	1	-1	-6	66	Gb4	4	139
15	15	57	1.0	1/4	1/4	2/2	3	2	1/4		1/4	1		-2	34	Bb1	1	147
15	15	57	1.0	1/4	1/4	2/2	1	1	1/4		1/4	1		-4	68	Ab4	4	140
15	15	58	1.0	1/2	1/2	2/2	3	2	1/4		1/4	1		-3	39	Eb2	2	148
15	15	58	1.0	1/2	1/2	2/2	1	1	1/4		1/4	1		-7	59	Cb4	4	141
15	15	58	1.0	1/2	1/2	2/2	1	1	1/4		1/4	1		-3	63	Eb4	4	141
15	15	58	1.0	1/2	1/2	2/2	1	1	1/4		1/4	1		-6	66	Gb4	4	141
15	15	58	1.0	1/2	1/2	2/2	1	1	1/4		1/4	1		-4	68	Ab4	4	141
15	15	59	1.0	3/4	3/4	2/2	3	2	1/4		1/4	1		-2	34	Bb1	1	149
15	15	59	1.0	3/4	3/4	2/2	1	2	1/4		1/4	1		-2	58	Bb3	3	144
15	15	59	1.0	3/4	3/4	2/2	1	1	1/4		1/4	1		-5	61	Db4	4	142
15	15	59	1.0	3/4	3/4	2/2	1	1	1/4		1/4	1		-1	65	F4	4	142
15	15	59	1.0	3/4	3/4	2/2	1	1	1/4		1/4	1		-2	70	Bb4	4	142
16	16	60	1.0	0	0	2/2	3	2	1/4		1/4	1		-3	39	Eb2	2	157
16	16	60	4.0	0	0	2/2	3	1	1		1	1		-2	46	Bb2	2	156
16	16	60	2.0	0	0	2/2	1	2	1/2		1/2	1		2	62	D4	4	154
16	16	60	2.0	0	0	2/2	1	2	1/2		1/2	1		-3	63	Eb4	4	154
16	16	60	1.0	0	0	2/2	1	1	1/4		1/4	1		-6	66	Gb4	4	150
16	16	61	1.0	1/4	1/4	2/2	3	2	1/4		1/4	1		-2	34	Bb1	1	158
16	16	61	1.0	1/4	1/4	2/2	1	1	1/4		1/4	1		-4	68	Ab4	4	151
16	16	62	1.0	1/2	1/2	2/2	3	2	1/4		1/4	1		-3	39	Eb2	2	159
16	16	62	2.0	1/2	1/2	2/2	1	2	1/2		1/2	1		-5	61	Db4	4	155
16	16	62	2.0	1/2	1/2	2/2	1	2	1/2		1/2	1		-3	63	Eb4	4	155
16	16	62	2.0	1/2	1/2	2/2	1	2	1/2		1/2	1		-6	66	Gb4	4	155
16	16	62	1.0	1/2	1/2	2/2	1	1	1/4		1/4	1		-4	68	Ab4	4	152
16	16	63	1.0	3/4	3/4	2/2	3	2	1/4		1/4	1		-2	34	Bb1	1	160
16	16	63	1.0	3/4	3/4	2/2	1	1	1/4		1/4	1		-2	70	Bb4	4	153
17	17	64	1.0	0	0	2/2	3	2	1/4		1/4	1		-3	39	Eb2	2	169
17	17	64	4.0	0	0	2/2	3	1	1		1	1		-2	46	Bb2	2	168
17	17	64	1.5	0	0	2/2	1	1	3/8		1/4	3/2		0	60	C4	4	161
17	17	64	1.5	0	0	2/2	1	1	3/8		1/4	3/2		-3	63	Eb4	4	161
17	17	64	1.5	0	0	2/2	1	1	3/8		1/4	3/2		-6	66	Gb4	4	161
17	17	64	1.5	0	0	2/2	1	1	3/8		1/4	3/2		0	72	C5	5	161
17	17	65	1.0	1/4	1/4	2/2	3	2	1/4		1/4	1		-2	34	Bb1	1	170
17	17	131/2	0.5	3/8	3/8	2/2	1	1	1/8		1/8	1		-5	61	Db4	4	162
17	17	131/2	0.5	3/8	3/8	2/2	1	1	1/8		1/8	1		-1	65	F4	4	162
17	17	131/2	0.5	3/8	3/8	2/2	1	1	1/8		1/8	1		-4	68	Ab4	4	162
17	17	131/2	0.5	3/8	3/8	2/2	1	1	1/8		1/8	1		-5	73	Db5	5	162
17	17	66	1.0	1/2	1/2	2/2	3	2	1/4		1/4	1		-3	39	Eb2	2	171
17	17	66	1.0	1/2	1/2	2/2	1	1	1/4		1/4	1		0	60	C4	4	163
17	17	66	1.0	1/2	1/2	2/2	1	1	1/4		1/4	1		-3	63	Eb4	4	163
17	17	66	1.0	1/2	1/2	2/2	1	1	1/4		1/4	1		-6	66	Gb4	4	163
17	17	66	1.0	1/2	1/2	2/2	1	1	1/4		1/4	1		0	72	C5	5	163
17	17	67	1.0	3/4	3/4	2/2	3	2	1/4		1/4	1		-2	34	Bb1	1	172
17	17	67	0.5	3/4	3/4	2/2	1	2	1/8		1/8	1		-2	58	Bb3	3	166
17	17	67	0.5	3/4	3/4	2/2	1	1	1/8		1/8	1		-5	61	Db4	4	164
17	17	67	0.5	3/4	3/4	2/2	1	1	1/8		1/8	1		-1	65	F4	4	164
17	17	67	0.5	3/4	3/4	2/2	1	1	1/8		1/8	1		-2	70	Bb4	4	164
17	17	135/2	0.5	7/8	7/8	2/2	1	2	1/8		1/8	1		-4	56	Ab3	3	167
17	17	135/2	0.5	7/8	7/8	2/2	1	1	1/8		1/8	1		0	60	C4	4	165
17	17	135/2	0.5	7/8	7/8	2/2	1	1	1/8		1/8	1		-3	63	Eb4	4	165
17	17	135/2	0.5	7/8	7/8	2/2	1	1	1/8		1/8	1		-4	68	Ab4	4	165
18	18	68	1.0	0	0	2/2	3	2	1/4		1/4	1		-3	39	Eb2	2	180
18	18	68	4.0	0	0	2/2	3	1	1		1	1		-2	46	Bb2	2	179
18	18	68	1.0	0	0	2/2	1	1	1/4		1/4	1		-3	63	Eb4	4	173
18	18	68	1.0	0	0	2/2	1	1	1/4		1/4	1		-6	66	Gb4	4	173
18	18	68	1.0	0	0	2/2	1	1	1/4		1/4	1		-2	70	Bb4	4	173
18	18	68	1.0	0	0	2/2	1	1	1/4		1/4	1		-3	75	Eb5	5	173
18	18	69	1.0	1/4	1/4	2/2	3	2	1/4		1/4	1		-2	34	Bb1	1	181
18	18	69	1.0	1/4	1/4	2/2	1	2	1/4		1/4	1		-2	58	Bb3	3	177
18	18	69	1.0	1/4	1/4	2/2	1	1	1/4		1/4	1		2	62	D4	4	174
18	18	69	1.0	1/4	1/4	2/2	1	1	1/4		1/4	1		-1	65	F4	4	174
18	18	69	1.0	1/4	1/4	2/2	1	1	1/4		1/4	1		-2	70	Bb4	4	174
18	18	70	1.0	1/2	1/2	2/2	3	2	1/4		1/4	1		-3	39	Eb2	2	182
18	18	70	1.0	1/2	1/2	2/2	1	1	1/4		1/4	1		-5	61	Db4	4	175
18	18	70	1.0	1/2	1/2	2/2	1	1	1/4		1/4	1		-8	64	Fb4	4	175
18	18	70	1.0	1/2	1/2	2/2	1	1	1/4		1/4	1		-4	68	Ab4	4	175
18	18	70	1.0	1/2	1/2	2/2	1	1	1/4		1/4	1		-5	73	Db5	5	175
18	18	71	1.0	3/4	3/4	2/2	3	2	1/4		1/4	1		-2	34	Bb1	1	183
18	18	71	1.0	3/4	3/4	2/2	1	2	1/4		1/4	1		-4	56	Ab3	3	178
18	18	71	1.0	3/4	3/4	2/2	1	1	1/4		1/4	1		-7	59	Cb4	4	176
18	18	71	1.0	3/4	3/4	2/2	1	1	1/4		1/4	1		-3	63	Eb4	4	176
18	18	71	1.0	3/4	3/4	2/2	1	1	1/4		1/4	1		-4	68	Ab4	4	176
19	19	72	1.0	0	0	2/2	3	2	1/4		1/4	1		-3	39	Eb2	2	192
19	19	72	4.0	0	0	2/2	3	1	1		1	1		-2	46	Bb2	2	191
19	19	72	1.5	0	0	2/2	1	1	3/8		1/4	3/2		0	60	C4	4	184
19	19	72	1.5	0	0	2/2	1	1	3/8		1/4	3/2		-3	63	Eb4	4	184
19	19	72	1.5	0	0	2/2	1	1	3/8		1/4	3/2		-6	66	Gb4	4	184
19	19	72	1.5	0	0	2/2	1	1	3/8		1/4	3/2		0	72	C5	5	184
19	19	73	1.0	1/4	1/4	2/2	3	2	1/4		1/4	1		-2	34	Bb1	1	193
19	19	147/2	0.5	3/8	3/8	2/2	1	1	1/8		1/8	1		-5	61	Db4	4	185
19	19	147/2	0.5	3/8	3/8	2/2	1	1	1/8		1/8	1		-1	65	F4	4	185
19	19	147/2	0.5	3/8	3/8	2/2	1	1	1/8		1/8	1		-4	68	Ab4	4	185
19	19	147/2	0.5	3/8	3/8	2/2	1	1	1/8		1/8	1		-5	73	Db5	5	185
19	19	74	1.0	1/2	1/2	2/2	3	2	1/4		1/4	1		-3	39	Eb2	2	194
19	19	74	1.0	1/2	1/2	2/2	1	1	1/4		1/4	1		0	60	C4	4	186
19	19	74	1.0	1/2	1/2	2/2	1	1	1/4		1/4	1		-3	63	Eb4	4	186
19	19	74	1.0	1/2	1/2	2/2	1	1	1/4		1/4	1		-6	66	Gb4	4	186
19	19	74	1.0	1/2	1/2	2/2	1	1	1/4		1/4	1		0	72	C5	5	186
19	19	75	1.0	3/4	3/4	2/2	3	2	1/4		1/4	1		-2	34	Bb1	1	195
19	19	75	0.5	3/4	3/4	2/2	1	2	1/8		1/8	1		-2	58	Bb3	3	189
19	19	75	0.5	3/4	3/4	2/2	1	1	1/8		1/8	1		-5	61	Db4	4	187
19	19	75	0.5	3/4	3/4	2/2	1	1	1/8		1/8	1		-1	65	F4	4	187
19	19	75	0.5	3/4	3/4	2/2	1	1	1/8		1/8	1		-2	70	Bb4	4	187
19	19	151/2	0.5	7/8	7/8	2/2	1	2	1/8		1/8	1		-4	56	Ab3	3	190
19	19	151/2	0.5	7/8	7/8	2/2	1	1	1/8		1/8	1		0	60	C4	4	188
19	19	151/2	0.5	7/8	7/8	2/2	1	1	1/8		1/8	1		-3	63	Eb4	4	188
19	19	151/2	0.5	7/8	7/8	2/2	1	1	1/8		1/8	1		-4	68	Ab4	4	188
20	20	76	1.0	0	0	2/2	3	2	1/4		1/4	1		-3	39	Eb2	2	205
20	20	76	4.0	0	0	2/2	3	1	1		1	1		-2	46	Bb2	2	204
20	20	76	1.0	0	0	2/2	1	1	1/4		1/4	1		-7	59	Cb4	4	196
20	20	76	1.0	0	0	2/2	1	1	1/4		1/4	1		-3	63	Eb4	4	196
20	20	76	1.0	0	0	2/2	1	1	1/4		1/4	1		-6	66	Gb4	4	196
20	20	76	1.0	0	0	2/2	1	1	1/4		1/4	1		-7	71	Cb5	5	196
20	20	77	1.0	1/4	1/4	2/2	3	2	1/4		1/4	1		-2	34	Bb1	1	206
20	20	77	1.0	1/4	1/4	2/2	1	2	1/4		1/4	1		-1	53	F3	3	200
20	20	77	1.0	1/4	1/4	2/2	1	2	1/4		1/4	1		3	57	A3	3	200
20	20	77	1.0	1/4	1/4	2/2	1	1	1/4		1/4	1		0	60	C4	4	197
20	20	77	1.0	1/4	1/4	2/2	1	1	1/4		1/4	1		-1	65	F4	4	197
20	20	78	1.0	1/2	1/2	2/2	3	2	1/4		1/4	1		-3	39	Eb2	2	207
20	20	78	1.0	1/2	1/2	2/2	1	2	1/4		1/4	1		-4	56	Ab3	3	201
20	20	78	1.0	1/2	1/2	2/2	1	1	1/4		1/4	1		-7	59	Cb4	4	198
20	20	78	1.0	1/2	1/2	2/2	1	1	1/4		1/4	1		-3	63	Eb4	4	198
20	20	78	1.0	1/2	1/2	2/2	1	1	1/4		1/4	1		-4	68	Ab4	4	198
20	20	79	1.0	3/4	3/4	2/2	3	2	1/4		1/4	1		-2	34	Bb1	1	208
20	20	79	1.0	3/4	3/4	2/2	2	1	1/4		1/4	1	1	2	50	D3	3	203
20	20	79	1.0	3/4	3/4	2/2	1	2	1/4		1/4	1	1	-6	54	Gb3	3	202
20	20	79	1.0	3/4	3/4	2/2	1	2	1/4		1/4	1	1	3	57	A3	3	202
20	20	79	1.0	3/4	3/4	2/2	1	1	1/4		1/4	1	1	2	62	D4	4	199
21	21	80	1.0	0	0	2/2	3	2	1/4		1/4	1		-3	39	Eb2	2	223
21	21	80	4.0	0	0	2/2	3	1	1		1	1		-2	46	Bb2	2	222
21	21	80	4.0	0	0	2/2	2	1	1		1	1	0	2	50	D3	3	221
21	21	80	4.0	0	0	2/2	2	1	1		1	1	0	-6	54	Gb3	3	221
21	21	80	4.0	0	0	2/2	2	1	1		1	1	0	3	57	A3	3	221
21	21	80	4.0	0	0	2/2	1	2	1		1	1	0	2	62	D4	4	220
21	21	161/2	0.16666666666666666	1/8	1/8	2/2	1	1	1/24		1/16	2/3		-1	65	F4	4	209
21	21	242/3	0.16666666666666666	1/6	1/6	2/2	1	1	1/24		1/16	2/3		-1	65	F4	4	210
21	21	485/6	0.16666666666666666	5/24	5/24	2/2	1	1	1/24		1/16	2/3		-1	65	F4	4	211
21	21	81	1.0	1/4	1/4	2/2	3	2	1/4		1/4	1		-2	34	Bb1	1	224
21	21	81	0.375	1/4	1/4	2/2	1	1	3/32		1/16	3/2		-1	65	F4	4	212
21	21	651/8	0.125	11/32	11/32	2/2	1	1	1/32		1/32	1		0	72	C5	5	213
21	21	163/2	0.5	3/8	3/8	2/2	1	1	1/8		1/8	1	1	0	72	C5	5	214
21	21	82	1.0	1/2	1/2	2/2	3	2	1/4		1/4	1		-3	39	Eb2	2	225
21	21	82	1.0	1/2	1/2	2/2	1	1	1/4		1/4	1	0	0	72	C5	5	215
21	21	83	1.0	3/4	3/4	2/2	3	2	1/4		1/4	1		-2	34	Bb1	1	226
21	21	83	0.5	3/4	3/4	2/2	1	1	1/8		1/8	1	-1	0	72	C5	5	216
21	21	167/2	0.16666666666666666	7/8	7/8	2/2	1	1	1/24		1/16	2/3		0	72	C5	5	217
21	21	251/3	0.16666666666666666	11/12	11/12	2/2	1	1	1/24		1/16	2/3		0	72	C5	5	218
21	21	503/6	0.16666666666666666	23/24	23/24	2/2	1	1	1/24		1/16	2/3		-1	77	F5	5	219
22	22	84	1.0	0	0	2/2	3	2	1/4		1/4	1		-3	39	Eb2	2	236
22	22	84	4.0	0	0	2/2	3	1	1		1	1		-2	46	Bb2	2	235
22	22	84	2.0	0	0	2/2	2	1	1/2		1/2	1	-1	2	50	D3	3	233
22	22	84	2.0	0	0	2/2	2	1	1/2		1/2	1	-1	-6	54	Gb3	3	233
22	22	84	2.0	0	0	2/2	2	1	1/2		1/2	1	-1	3	57	A3	3	233
22	22	84	2.0	0	0	2/2	1	2	1/2		1/2	1	-1	2	62	D4	4	231
22	22	84	0.5	0	0	2/2	1	1	1/8		1/8	1		0	72	C5	5	227
22	22	169/2	0.25	1/8	1/8	2/2	1	1	1/16		1/16	1	1	-1	65	F4	4	228
22	22	339/4	0.25	3/16	3/16	2/2	1	1	1/16		1/16	1		0	72	C5	5	229
22	22	85	1.0	1/4	1/4	2/2	3	2	1/4		1/4	1		-2	34	Bb1	1	237
22	22	85	2.0	1/4	1/4	2/2	1	1	1/2		1/2	1	-1	-1	65	F4	4	230
22	22	86	1.0	1/2	1/2	2/2	3	2	1/4		1/4	1		-3	39	Eb2	2	238
22	22	86	2.0	1/2	1/2	2/2	2	1	1/2		1/2	1		-1	53	F3	3	234
22	22	86	2.0	1/2	1/2	2/2	2	1	1/2		1/2	1		3	57	A3	3	234
22	22	86	2.0	1/2	1/2	2/2	2	1	1/2		1/2	1		0	60	C4	4	234
22	22	86	2.0	1/2	1/2	2/2	1	2	1/2		1/2	1		-1	65	F4	4	232
22	22	87	1.0	3/4	3/4	2/2	3	2	1/4		1/4	1		-2	34	Bb1	1	239
23	23	88	1.0	0	0	2/2	3	2	1/4		1/4	1		-3	39	Eb2	2	254
23	23	88	4.0	0	0	2/2	3	1	1		1	1		-2	46	Bb2	2	253
23	23	88	4.0	0	0	2/2	2	1	1		1	1	1	-5	49	Db3	3	252
23	23	88	4.0	0	0	2/2	2	1	1		1	1	1	-1	53	F3	3	252
23	23	88	4.0	0	0	2/2	2	1	1		1	1	1	-4	56	Ab3	3	252
23	23	88	4.0	0	0	2/2	1	2	1		1	1	1	2	62	D4	4	251
23	23	177/2	0.16666666666666666	1/8	1/8	2/2	1	1	1/24		1/16	2/3		-1	65	F4	4	240
23	23	266/3	0.16666666666666666	1/6	1/6	2/2	1	1	1/24		1/16	2/3		-1	65	F4	4	241
23	23	533/6	0.16666666666666666	5/24	5/24	2/2	1	1	1/24		1/16	2/3		-1	65	F4	4	242
23	23	89	1.0	1/4	1/4	2/2	3	2	1/4		1/4	1		-2	34	Bb1	1	255
23	23	89	0.375	1/4	1/4	2/2	1	1	3/32		1/16	3/2		-1	65	F4	4	243
23	23	715/8	0.125	11/32	11/32	2/2	1	1	1/32		1/32	1		0	72	C5	5	244
23	23	179/2	0.5	3/8	3/8	2/2	1	1	1/8		1/8	1	1	0	72	C5	5	245
23	23	90	1.0	1/2	1/2	2/2	3	2	1/4		1/4	1		-3	39	Eb2	2	256
23	23	90	1.0	1/2	1/2	2/2	1	1	1/4		1/4	1	0	0	72	C5	5	246
23	23	91	1.0	3/4	3/4	2/2	3	2	1/4		1/4	1		-2	34	Bb1	1	257
23	23	91	0.5	3/4	3/4	2/2	1	1	1/8		1/8	1	-1	0	72	C5	5	247
23	23	183/2	0.16666666666666666	7/8	7/8	2/2	1	1	1/24		1/16	2/3		0	72	C5	5	248
23	23	275/3	0.16666666666666666	11/12	11/12	2/2	1	1	1/24		1/16	2/3		0	72	C5	5	249
23	23	551/6	0.16666666666666666	23/24	23/24	2/2	1	1	1/24		1/16	2/3		-1	77	F5	5	250
24	24	92	1.0	0	0	2/2	3	2	1/4		1/4	1		-3	39	Eb2	2	267
24	24	92	4.0	0	0	2/2	3	1	1		1	1		-2	46	Bb2	2	266
24	24	92	2.0	0	0	2/2	2	1	1/2		1/2	1	-1	-5	49	Db3	3	264
24	24	92	2.0	0	0	2/2	2	1	1/2		1/2	1	-1	-1	53	F3	3	264
24	24	92	2.0	0	0	2/2	2	1	1/2		1/2	1	-1	-4	56	Ab3	3	264
24	24	92	2.0	0	0	2/2	1	2	1/2		1/2	1	-1	2	62	D4	4	262
24	24	92	0.5	0	0	2/2	1	1	1/8		1/8	1		0	72	C5	5	258
24	24	185/2	0.25	1/8	1/8	2/2	1	1	1/16		1/16	1	1	-1	65	F4	4	259
24	24	371/4	0.25	3/16	3/16	2/2	1	1	1/16		1/16	1		0	72	C5	5	260
24	24	93	1.0	1/4	1/4	2/2	3	2	1/4		1/4	1		-2	34	Bb1	1	268
24	24	93	1.0	1/4	1/4	2/2	1	1	1/4		1/4	1	-1	-1	65	F4	4	261
24	24	94	1.0	1/2	1/2	2/2	3	2	1/4		1/4	1		-3	39	Eb2	2	269
24	24	94	2.0	1/2	1/2	2/2	2	1	1/2		1/2	1		-8	52	Fb3	3	265
24	24	94	2.0	1/2	1/2	2/2	2	1	1/2		1/2	1		-4	56	Ab3	3	265
24	24	94	2.0	1/2	1/2	2/2	2	1	1/2		1/2	1		-7	59	Cb4	4	265
24	24	94	2.0	1/2	1/2	2/2	1	2	1/2		1/2	1		-8	64	Fb4	4	263
24	24	95	1.0	3/4	3/4	2/2	3	2	1/4		1/4	1		-2	34	Bb1	1	270
25	25	96	1.0	0	0	2/2	3	1	1/4		1/4	1		-4	32	Ab1	1	276
25	25	96	1.0	0	0	2/2	3	1	1/4		1/4	1		-4	44	Ab2	2	276
25	25	96	4.0	0	0	2/2	1	1	1		1	1		-2	46	Bb2	2	271
25	25	96	1.0	0	0	2/2	2	1	1/4		1/4	1		-4	56	Ab3	3	272
25	25	96	4.0	0	0	2/2	1	1	1		1	1		-2	58	Bb3	3	271
25	25	97	1.0	1/4	1/4	2/2	3	1	1/4		1/4	1		-8	28	Fb1	1	277
25	25	97	1.0	1/4	1/4	2/2	3	1	1/4		1/4	1		-8	40	Fb2	2	277
25	25	97	1.0	1/4	1/4	2/2	2	1	1/4		1/4	1		-8	52	Fb3	3	273
25	25	98	1.0	1/2	1/2	2/2	3	1	1/4		1/4	1		-6	30	Gb1	1	278
25	25	98	1.0	1/2	1/2	2/2	3	1	1/4		1/4	1		-6	42	Gb2	2	278
25	25	98	1.0	1/2	1/2	2/2	2	1	1/4		1/4	1		-6	54	Gb3	3	274
25	25	99	1.0	3/4	3/4	2/2	3	1	1/4		1/4	1	1	2	26	D1	1	279
25	25	99	1.0	3/4	3/4	2/2	3	1	1/4		1/4	1	1	2	38	D2	2	279
25	25	99	1.0	3/4	3/4	2/2	2	1	1/4		1/4	1		2	50	D3	3	275
26	26	100	1.0	0	0	2/2	3	1	1/4		1/4	1	-1	2	26	D1	1	285
26	26	100	1.0	0	0	2/2	3	1	1/4		1/4	1	-1	2	38	D2	2	285
26	26	100	4.0	0	0	2/2	1	1	1		1	1		5	47	B2	2	280
26	26	100	1.0	0	0	2/2	2	1	1/4		1/4	1		2	50	D3	3	281
26	26	100	4.0	0	0	2/2	1	1	1		1	1		5	59	B3	3	280
26	26	101	1.0	1/4	1/4	2/2	3	1	1/4		1/4	1		4	28	E1	1	286
26	26	101	1.0	1/4	1/4	2/2	3	1	1/4		1/4	1		4	40	E2	2	286
26	26	101	1.0	1/4	1/4	2/2	2	1	1/4		1/4	1		4	52	E3	3	282
26	26	102	1.0	1/2	1/2	2/2	3	1	1/4		1/4	1		8	32	G#1	1	287
26	26	102	1.0	1/2	1/2	2/2	3	1	1/4		1/4	1		8	44	G#2	2	287
26	26	102	1.0	1/2	1/2	2/2	2	1	1/4		1/4	1		8	56	G#3	3	283
26	26	103	1.0	3/4	3/4	2/2	3	1	1/4		1/4	1		3	33	A1	1	288
26	26	103	1.0	3/4	3/4	2/2	3	1	1/4		1/4	1		3	45	A2	2	288
26	26	103	1.0	3/4	3/4	2/2	2	1	1/4		1/4	1		3	57	A3	3	284
27	27	104	1.0	0	0	2/2	3	1	1/4		1/4	1		-2	34	Bb1	1	294
27	27	104	1.0	0	0	2/2	3	1	1/4		1/4	1		-2	46	Bb2	2	294
27	27	104	4.0	0	0	2/2	1	1	1		1	1		0	48	C3	3	289
27	27	104	1.0	0	0	2/2	2	1	1/4		1/4	1		-2	58	Bb3	3	290
27	27	104	4.0	0	0	2/2	1	1	1		1	1		0	60	C4	4	289
27	27	105	1.0	1/4	1/4	2/2	3	1	1/4		1/4	1		-6	30	Gb1	1	295
27	27	105	1.0	1/4	1/4	2/2	3	1	1/4		1/4	1		-6	42	Gb2	2	295
27	27	105	1.0	1/4	1/4	2/2	2	1	1/4		1/4	1		-6	54	Gb3	3	291
27	27	106	1.0	1/2	1/2	2/2	3	1	1/4		1/4	1		-4	32	Ab1	1	296
27	27	106	1.0	1/2	1/2	2/2	3	1	1/4		1/4	1		-4	44	Ab2	2	296
27	27	106	1.0	1/2	1/2	2/2	2	1	1/4		1/4	1		-4	56	Ab3	3	292
27	27	107	1.0	3/4	3/4	2/2	3	1	1/4		1/4	1	1	4	28	E1	1	297
27	27	107	1.0	3/4	3/4	2/2	3	1	1/4		1/4	1	1	4	40	E2	2	297
27	27	107	1.0	3/4	3/4	2/2	2	1	1/4		1/4	1	1	4	52	E3	3	293
28	28	108	1.0	0	0	2/2	3	1	1/4		1/4	1	-1	4	28	E1	1	303
28	28	108	1.0	0	0	2/2	3	1	1/4		1/4	1	-1	4	40	E2	2	303
28	28	108	4.0	0	0	2/2	1	1	1		1	1		-5	49	Db3	3	298
28	28	108	1.0	0	0	2/2	2	1	1/4		1/4	1	-1	4	52	E3	3	299
28	28	108	4.0	0	0	2/2	1	1	1		1	1		-5	61	Db4	4	298
28	28	109	1.0	1/4	1/4	2/2	3	1	1/4		1/4	1		-1	29	F1	1	304
28	28	109	1.0	1/4	1/4	2/2	3	1	1/4		1/4	1		-1	41	F2	2	304
28	28	109	1.0	1/4	1/4	2/2	2	1	1/4		1/4	1		-1	53	F3	3	300
28	28	110	1.0	1/2	1/2	2/2	3	1	1/4		1/4	1		3	33	A1	1	305
28	28	110	1.0	1/2	1/2	2/2	3	1	1/4		1/4	1		3	45	A2	2	305
28	28	110	1.0	1/2	1/2	2/2	2	1	1/4		1/4	1		3	57	A3	3	301
28	28	111	1.0	3/4	3/4	2/2	3	1	1/4		1/4	1		-2	34	Bb1	1	306
28	28	111	1.0	3/4	3/4	2/2	3	1	1/4		1/4	1		-2	46	Bb2	2	306
28	28	111	1.0	3/4	3/4	2/2	2	1	1/4		1/4	1		-2	58	Bb3	3	302
29	29	112	1.0	0	0	2/2	3	1	1/4		1/4	1		-7	35	Cb2	2	313
29	29	112	1.0	0	0	2/2	3	1	1/4		1/4	1		-7	47	Cb3	3	313
29	29	112	2.0	0	0	2/2	1	1	1/2		1/2	1		-5	49	Db3	3	307
29	29	112	1.0	0	0	2/2	2	1	1/4		1/4	1		-7	59	Cb4	4	309
29	29	112	2.0	0	0	2/2	1	1	1/2		1/2	1		-5	61	Db4	4	307
29	29	113	1.0	1/4	1/4	2/2	3	1	1/4		1/4	1		-1	29	F1	1	314
29	29	113	1.0	1/4	1/4	2/2	3	1	1/4		1/4	1		-1	41	F2	2	314
29	29	113	1.0	1/4	1/4	2/2	2	1	1/4		1/4	1		-4	56	Ab3	3	310
29	29	114	1.0	1/2	1/2	2/2	3	1	1/4		1/4	1		-2	34	Bb1	1	315
29	29	114	1.0	1/2	1/2	2/2	3	1	1/4		1/4	1		-2	46	Bb2	2	315
29	29	114	2.0	1/2	1/2	2/2	1	1	1/2		1/2	1		2	50	D3	3	308
29	29	114	1.0	1/2	1/2	2/2	2	1	1/4		1/4	1		-2	58	Bb3	3	311
29	29	114	2.0	1/2	1/2	2/2	1	1	1/2		1/2	1		2	62	D4	4	308
29	29	115	1.0	3/4	3/4	2/2	3	1	1/4		1/4	1		1	31	G1	1	316
29	29	115	1.0	3/4	3/4	2/2	3	1	1/4		1/4	1		1	43	G2	2	316
29	29	115	1.0	3/4	3/4	2/2	2	1	1/4		1/4	1		1	55	G3	3	312
30	30	116	1.0	0	0	2/2	3	1	1/4		1/4	1		3	33	A1	1	322
30	30	116	1.0	0	0	2/2	3	1	1/4		1/4	1		3	45	A2	2	322
30	30	116	4.0	0	0	2/2	2	2	1		1	1		-3	51	Eb3	3	321
30	30	116	1.0	0	0	2/2	2	1	1/4		1/4	1		3	57	A3	3	318
30	30	116	4.0	0	0	2/2	1	1	1		1	1		-3	63	Eb4	4	317
30	30	117	2.0	1/4	1/4	2/2	3	1	1/2		1/2	1		-6	30	Gb1	1	323
30	30	117	2.0	1/4	1/4	2/2	3	1	1/2		1/2	1		-6	42	Gb2	2	323
30	30	117	2.0	1/4	1/4	2/2	2	1	1/2		1/2	1		-6	54	Gb3	3	319
30	30	119	1.0	3/4	3/4	2/2	3	1	1/4		1/4	1		3	33	A1	1	324
30	30	119	1.0	3/4	3/4	2/2	3	1	1/4		1/4	1		3	45	A2	2	324
30	30	119	1.0	3/4	3/4	2/2	2	1	1/4		1/4	1		3	57	A3	3	320
31	31	120	1.0	0	0	2/2	3	1	1/4		1/4	1		2	38	D2	2	333
31	31	120	1.0	0	0	2/2	3	1	1/4		1/4	1		2	50	D3	3	333
31	31	120	2.0	0	0	2/2	2	1	1/2		1/2	1		4	52	E3	3	327
31	31	120	1.0	0	0	2/2	2	2	1/4		1/4	1		2	62	D4	4	329
31	31	120	2.0	0	0	2/2	1	1	1/2		1/2	1		4	64	E4	4	325
31	31	121	1.0	1/4	1/4	2/2	3	1	1/4		1/4	1		5	35	B1	1	334
31	31	121	1.0	1/4	1/4	2/2	3	1	1/4		1/4	1		5	47	B2	2	334
31	31	121	1.0	1/4	1/4	2/2	2	2	1/4		1/4	1		5	59	B3	3	330
31	31	122	1.0	1/2	1/2	2/2	3	1	1/4		1/4	1		-5	37	Db2	2	335
31	31	122	1.0	1/2	1/2	2/2	3	1	1/4		1/4	1		-5	49	Db3	3	335
31	31	122	2.0	1/2	1/2	2/2	2	1	1/2		1/2	1		-1	53	F3	3	328
31	31	122	1.0	1/2	1/2	2/2	2	2	1/4		1/4	1		-5	61	Db4	4	331
31	31	122	2.0	1/2	1/2	2/2	1	1	1/2		1/2	1		-1	65	F4	4	326
31	31	123	1.0	3/4	3/4	2/2	3	1	1/4		1/4	1		-2	34	Bb1	1	336
31	31	123	1.0	3/4	3/4	2/2	3	1	1/4		1/4	1		-2	46	Bb2	2	336
31	31	123	1.0	3/4	3/4	2/2	2	2	1/4		1/4	1		-2	58	Bb3	3	332
32	32	124	1.0	0	0	2/2	3	1	1/4		1/4	1		0	36	C2	2	342
32	32	124	1.0	0	0	2/2	3	1	1/4		1/4	1		0	48	C3	3	342
32	32	124	4.0	0	0	2/2	2	1	1		1	1		6	54	F#3	3	338
32	32	124	1.0	0	0	2/2	2	2	1/4		1/4	1		0	60	C4	4	339
32	32	124	4.0	0	0	2/2	1	1	1		1	1		6	66	F#4	4	337
32	32	125	2.0	1/4	1/4	2/2	3	1	1/2		1/2	1		3	33	A1	1	343
32	32	125	2.0	1/4	1/4	2/2	3	1	1/2		1/2	1		3	45	A2	2	343
32	32	125	2.0	1/4	1/4	2/2	2	2	1/2		1/2	1		3	57	A3	3	340
32	32	127	1.0	3/4	3/4	2/2	3	1	1/4		1/4	1		0	36	C2	2	344
32	32	127	1.0	3/4	3/4	2/2	3	1	1/4		1/4	1		0	48	C3	3	344
32	32	127	1.0	3/4	3/4	2/2	2	2	1/4		1/4	1		0	60	C4	4	341
33	33	128	1.0	0	0	2/2	3	1	1/4		1/4	1		4	40	E2	2	352
33	33	128	1.0	0	0	2/2	3	1	1/4		1/4	1		4	52	E3	3	352
33	33	128	2.0	0	0	2/2	2	1	1/2		1/2	1		6	54	F#3	3	350
33	33	128	1.0	0	0	2/2	1	2	1/4		1/4	1		-3	63	Eb4	4	347
33	33	128	2.0	0	0	2/2	1	1	1/2		1/2	1		6	66	F#4	4	345
33	33	129	2.0	1/4	1/4	2/2	3	1	1/2		1/2	1		0	36	C2	2	353
33	33	129	2.0	1/4	1/4	2/2	3	1	1/2		1/2	1		0	48	C3	3	353
33	33	129	2.0	1/4	1/4	2/2	1	2	1/2		1/2	1		0	60	C4	4	348
33	33	130	2.0	1/2	1/2	2/2	2	1	1/2		1/2	1		1	55	G3	3	351
33	33	130	2.0	1/2	1/2	2/2	1	1	1/2		1/2	1		1	67	G4	4	346
33	33	131	1.0	3/4	3/4	2/2	3	1	1/4		1/4	1	1	4	40	E2	2	354
33	33	131	1.0	3/4	3/4	2/2	3	1	1/4		1/4	1	1	4	52	E3	3	354
33	33	131	1.0	3/4	3/4	2/2	1	2	1/4		1/4	1	1	-3	63	Eb4	4	349
34	34	132	1.0	0	0	2/2	3	1	1/4		1/4	1	-1	4	40	E2	2	362
34	34	132	1.0	0	0	2/2	3	1	1/4		1/4	1	-1	4	52	E3	3	362
34	34	132	2.0	0	0	2/2	2	1	1/2		1/2	1		-4	56	Ab3	3	360
34	34	132	1.0	0	0	2/2	1	2	1/4		1/4	1	-1	-3	63	Eb4	4	357
34	34	132	2.0	0	0	2/2	1	1	1/2		1/2	1		-4	68	Ab4	4	355
34	34	133	2.0	1/4	1/4	2/2	3	1	1/2		1/2	1		0	36	C2	2	363
34	34	133	2.0	1/4	1/4	2/2	3	1	1/2		1/2	1		0	48	C3	3	363
34	34	133	2.0	1/4	1/4	2/2	1	2	1/2		1/2	1		0	60	C4	4	358
34	34	134	2.0	1/2	1/2	2/2	2	1	1/2		1/2	1		-2	58	Bb3	3	361
34	34	134	2.0	1/2	1/2	2/2	1	1	1/2		1/2	1		-2	70	Bb4	4	356
34	34	135	1.0	3/4	3/4	2/2	3	1	1/4		1/4	1		4	40	E2	2	364
34	34	135	1.0	3/4	3/4	2/2	3	1	1/4		1/4	1		4	52	E3	3	364
34	34	135	1.0	3/4	3/4	2/2	1	2	1/4		1/4	1		-3	63	Eb4	4	359
35	35	136	1.0	0	0	2/2	3	1	1/4		1/4	1		-4	32	Ab1	1	371
35	35	136	1.0	0	0	2/2	3	1	1/4		1/4	1		-4	44	Ab2	2	371
35	35	136	2.0	0	0	2/2	2	1	1/2		1/2	1		-7	59	Cb4	4	368
35	35	136	4.0	0	0	2/2	2	2	1		1	1		2	62	D4	4	370
35	35	136	4.0	0	0	2/2	2	2	1		1	1		-1	65	F4	4	370
35	35	136	4.0	0	0	2/2	2	2	1		1	1		-4	68	Ab4	4	370
35	35	136	2.0	0	0	2/2	2	1	1/2		1/2	1		-7	71	Cb5	5	368
35	35	137	1.0	1/4	1/4	2/2	3	1	1/4		1/4	1		2	38	D2	2	372
35	35	137	1.0	1/4	1/4	2/2	3	1	1/4		1/4	1		2	50	D3	3	372
35	35	138	1.0	1/2	1/2	2/2	3	1	1/4		1/4	1		-4	44	Ab2	2	373
35	35	138	1.0	1/2	1/2	2/2	3	1	1/4		1/4	1		-4	56	Ab3	3	373
35	35	138	2.0	1/2	1/2	2/2	2	1	1/2		1/2	1		-2	58	Bb3	3	369
35	35	138	2.0	1/2	1/2	2/2	2	1	1/2		1/2	1		-2	70	Bb4	4	369
35	35	277/2	0.5	5/8	5/8	2/2	1	1	1/8		1/8	1		1	79	G5	5	365
35	35	139	1.0	3/4	3/4	2/2	3	1	1/4		1/4	1		2	50	D3	3	374
35	35	139	1.0	3/4	3/4	2/2	3	1	1/4		1/4	1		2	62	D4	4	374
35	35	139	0.75	3/4	3/4	2/2	1	1	3/16		1/8	3/2		4	76	E5	5	366
35	35	559/4	0.25	15/16	15/16	2/2	1	1	1/16		1/16	1		-1	77	F5	5	367
36	36	140	1.0	0	0	2/2	3	1	1/4		1/4	1		-4	56	Ab3	3	379
36	36	140	3.0	0	0	2/2	2	1	3/4		1/2	3/2		-5	61	Db4	4	376
36	36	140	4.0	0	0	2/2	2	2	1		1	1		-1	65	F4	4	378
36	36	140	1.0	0	0	2/2	3	1	1/4		1/4	1		-4	68	Ab4	4	379
36	36	140	4.0	0	0	2/2	2	2	1		1	1		-4	68	Ab4	4	378
36	36	140	4.0	0	0	2/2	2	2	1		1	1		-7	71	Cb5	5	378
36	36	140	3.0	0	0	2/2	2	1	3/4		1/2	3/2		-5	73	Db5	5	376
36	36	140	4.0	0	0	2/2	1	1	1		1	1		1	79	G5	5	375
36	36	141	1.0	1/4	1/4	2/2	3	1	1/4		1/4	1		-5	49	Db3	3	380
36	36	141	1.0	1/4	1/4	2/2	3	1	1/4		1/4	1		-5	61	Db4	4	380
36	36	142	1.0	1/2	1/2	2/2	3	1	1/4		1/4	1		-4	44	Ab2	2	381
36	36	142	1.0	1/2	1/2	2/2	3	1	1/4		1/4	1		-4	56	Ab3	3	381
36	36	143	1.0	3/4	3/4	2/2	3	1	1/4		1/4	1		-5	37	Db2	2	382
36	36	143	1.0	3/4	3/4	2/2	3	1	1/4		1/4	1		-5	49	Db3	3	382
36	36	143	1.0	3/4	3/4	2/2	2	1	1/4		1/4	1		-3	63	Eb4	4	377
36	36	143	1.0	3/4	3/4	2/2	2	1	1/4		1/4	1		-3	75	Eb5	5	377
37	37	144	1.0	0	0	2/2	3	2	1/4		1/4	1		-4	32	Ab1	1	385
37	37	144	1.0	0	0	2/2	3	2	1/4		1/4	1		-4	44	Ab2	2	385
37	37	144	4.0	0	0	2/2	3	1	1		1	1		-1	53	F3	3	384
37	37	144	4.0	0	0	2/2	3	1	1		1	1		-4	56	Ab3	3	384
37	37	144	4.0	0	0	2/2	3	1	1		1	1		-7	59	Cb4	4	384
37	37	144	4.0	0	0	2/2	2	1	1		1	1		4	64	E4	4	383
37	37	144	4.0	0	0	2/2	2	1	1		1	1		-1	65	F4	4	383
37	37	144	4.0	0	0	2/2	2	1	1		1	1		-4	68	Ab4	4	383
37	37	144	4.0	0	0	2/2	2	1	1		1	1		-7	71	Cb5	5	383
37	37	144	4.0	0	0	2/2	2	1	1		1	1		4	76	E5	5	383
37	37	145	1.0	1/4	1/4	2/2	3	2	1/4		1/4	1		2	38	D2	2	386
37	37	145	1.0	1/4	1/4	2/2	3	2	1/4		1/4	1		2	50	D3	3	386
37	37	146	1.0	1/2	1/2	2/2	3	2	1/4		1/4	1		-4	44	Ab2	2	387
37	37	146	1.0	1/2	1/2	2/2	3	2	1/4		1/4	1		-4	56	Ab3	3	387
37	37	147	1.0	3/4	3/4	2/2	3	2	1/4		1/4	1		2	50	D3	3	388
37	37	147	1.0	3/4	3/4	2/2	3	2	1/4		1/4	1		2	62	D4	4	388
38	38	149	1.0	1/4	1/4	2/2	2	1	1/4		1/4	1		1	55	G3	3	389
38	38	150	1.5	1/2	1/2	2/2	2	1	3/8		1/4	3/2		4	52	E3	3	390
38	38	303/2	0.5	7/8	7/8	2/2	2	1	1/8		1/8	1		-1	53	F3	3	391
39	39	152	1.0	0	0	2/2	1	1	1/4		1/4	1		1	55	G3	3	392
39	39	152	3.0	0	0	2/2	2	1	3/4		1/2	3/2		1	55	G3	3	399
39	39	153	1.0	1/4	1/4	2/2	3	2	1/4		1/4	1		0	48	C3	3	403
39	39	153	2.0	1/4	1/4	2/2	3	1	1/2		1/2	1		4	52	E3	3	401
39	39	153	0.75	1/4	1/4	2/2	1	1	3/16		1/8	3/2		3	57	A3	3	393
39	39	615/4	0.25	7/16	7/16	2/2	1	1	1/16		1/16	1		5	59	B3	3	394
39	39	154	1.0	1/2	1/2	2/2	3	2	1/4		1/4	1		3	45	A2	2	404
39	39	154	0.5	1/2	1/2	2/2	1	1	1/8		1/8	1		0	60	C4	4	395
39	39	309/2	0.5	5/8	5/8	2/2	1	1	1/8		1/8	1		5	59	B3	3	396
39	39	155	1.0	3/4	3/4	2/2	3	2	1/4		1/4	1		2	38	D2	2	405
39	39	155	1.0	3/4	3/4	2/2	3	1	1/4		1/4	1		2	50	D3	3	402
39	39	155	1.0	3/4	3/4	2/2	2	1	1/4		1/4	1		6	54	F#3	3	400
39	39	155	0.5	3/4	3/4	2/2	1	1	1/8		1/8	1		0	60	C4	4	397
39	39	311/2	0.5	7/8	7/8	2/2	1	1	1/8		1/8	1		4	64	E4	4	398
40	40	156	2.0	0	0	2/2	3	1	1/2		1/2	1		1	43	G2	2	413
40	40	156	2.0	0	0	2/2	3	1	1/2		1/2	1		5	47	B2	2	413
40	40	156	2.0	0	0	2/2	2	2	1/2		1/2	1		-1	53	F3	3	411
40	40	156	1.5	0	0	2/2	2	1	3/8		1/4	3/2		1	55	G3	3	406
40	40	315/2	0.5	3/8	3/8	2/2	2	1	1/8		1/8	1		3	57	A3	3	407
40	40	158	1.0	1/2	1/2	2/2	3	1	1/4		1/4	1		0	36	C2	2	414
40	40	158	1.0	1/2	1/2	2/2	3	1	1/4		1/4	1		0	48	C3	3	414
40	40	158	1.0	1/2	1/2	2/2	2	2	1/4		1/4	1		4	52	E3	3	412
40	40	158	1.0	1/2	1/2	2/2	2	1	1/4		1/4	1		1	55	G3	3	408
40	40	159	0.75	3/4	3/4	2/2	2	1	3/16		1/8	3/2		5	59	B3	3	409
40	40	639/4	0.25	15/16	15/16	2/2	2	1	1/16		1/16	1		0	60	C4	4	410
41	41	160	2.0	0	0	2/2	3	1	1/2		1/2	1		-1	41	F2	2	426
41	41	160	4.0	0	0	2/2	2	2	1		1	1		2	50	D3	3	425
41	41	160	2.0	0	0	2/2	2	1	1/2		1/2	1		3	57	A3	3	423
41	41	160	1.0	0	0	2/2	1	1	1/4		1/4	1		2	62	D4	4	415
41	41	161	0.75	1/4	1/4	2/2	1	1	3/16		1/8	3/2		2	62	D4	4	416
41	41	647/4	0.25	7/16	7/16	2/2	1	1	1/16		1/16	1		2	62	D4	4	417
41	41	162	2.0	1/2	1/2	2/2	3	1	1/2		1/2	1		4	40	E2	2	427
41	41	162	2.0	1/2	1/2	2/2	2	1	1/2		1/2	1		8	56	G#3	3	424
41	41	162	1.0	1/2	1/2	2/2	1	1	1/4		1/4	1		2	62	D4	4	418
41	41	163	0.0	3/4	3/4	2/2	1	1	0	grace16	1/16	1		4	64	E4	4	419
41	41	163	0.0	3/4	3/4	2/2	1	1	0	grace16	1/16	1		2	62	D4	4	420
41	41	163	0.75	3/4	3/4	2/2	1	1	3/16		1/8	3/2		0	60	C4	4	421
41	41	655/4	0.25	15/16	15/16	2/2	1	1	1/16		1/16	1		5	59	B3	3	422
42	42	164	2.0	0	0	2/2	3	1	1/2		1/2	1		-3	39	Eb2	2	432
42	42	164	4.0	0	0	2/2	2	2	1		1	1		0	48	C3	3	431
42	42	164	2.0	0	0	2/2	2	1	1/2		1/2	1		1	55	G3	3	429
42	42	164	4.0	0	0	2/2	1	1	1		1	1		0	60	C4	4	428
42	42	166	2.0	1/2	1/2	2/2	3	1	1/2		1/2	1		2	38	D2	2	433
42	42	166	2.0	1/2	1/2	2/2	2	1	1/2		1/2	1		6	54	F#3	3	430
43	43	168	1.0	0	0	2/2	3	2	1/4		1/4	1		-5	37	Db2	2	439
43	43	168	4.0	0	0	2/2	3	1	1		1	1	1	-4	44	Ab2	2	438
43	43	168	4.0	0	0	2/2	2	1	1		1	1		-5	49	Db3	3	437
43	43	168	4.0	0	0	2/2	2	1	1		1	1		-1	53	F3	3	437
43	43	168	4.0	0	0	2/2	2	1	1		1	1		0	60	C4	4	437
43	43	169	0.75	1/4	1/4	2/2	3	2	3/16		1/8	3/2		-4	32	Ab1	1	440
43	43	679/4	0.25	7/16	7/16	2/2	3	2	1/16		1/16	1		-4	32	Ab1	1	441
43	43	170	1.0	1/2	1/2	2/2	3	2	1/4		1/4	1		-5	37	Db2	2	442
43	43	341/2	0.5	5/8	5/8	2/2	1	1	1/8		1/8	1		1	67	G4	4	434
43	43	171	1.0	3/4	3/4	2/2	3	2	1/4		1/4	1		-4	32	Ab1	1	443
43	43	171	0.75	3/4	3/4	2/2	1	1	3/16		1/8	3/2		4	64	E4	4	435
43	43	687/4	0.25	15/16	15/16	2/2	1	1	1/16		1/16	1		-1	65	F4	4	436
44	44	172	4.0	0	0	2/2	3	1	1		1	1	-1	-4	44	Ab2	2	446
44	44	172	4.0	0	0	2/2	2	1	1		1	1		-5	49	Db3	3	445
44	44	172	4.0	0	0	2/2	2	1	1		1	1		-1	53	F3	3	445
44	44	172	4.0	0	0	2/2	2	1	1		1	1		5	59	B3	3	445
44	44	172	4.0	0	0	2/2	1	1	1		1	1		1	67	G4	4	444
44	44	173	0.75	1/4	1/4	2/2	3	2	3/16		1/8	3/2		-3	39	Eb2	2	447
44	44	695/4	0.25	7/16	7/16	2/2	3	2	1/16		1/16	1		-3	39	Eb2	2	448
44	44	174	1.0	1/2	1/2	2/2	3	2	1/4		1/4	1		-5	37	Db2	2	449
44	44	175	1.0	3/4	3/4	2/2	3	2	1/4		1/4	1		-3	39	Eb2	2	450
45	45	176	1.0	0	0	2/2	3	2	1/4		1/4	1		-5	37	Db2	2	456
45	45	176	4.0	0	0	2/2	3	1	1		1	1	1	-4	44	Ab2	2	455
45	45	176	4.0	0	0	2/2	2	1	1		1	1		-5	49	Db3	3	454
45	45	176	4.0	0	0	2/2	2	1	1		1	1		-1	53	F3	3	454
45	45	176	4.0	0	0	2/2	2	1	1		1	1		0	60	C4	4	454
45	45	177	0.75	1/4	1/4	2/2	3	2	3/16		1/8	3/2		-4	32	Ab1	1	457
45	45	711/4	0.25	7/16	7/16	2/2	3	2	1/16		1/16	1		-4	32	Ab1	1	458
45	45	178	1.0	1/2	1/2	2/2	3	2	1/4		1/4	1		-5	37	Db2	2	459
45	45	357/2	0.5	5/8	5/8	2/2	1	1	1/8		1/8	1		1	67	G4	4	451
45	45	179	1.0	3/4	3/4	2/2	3	2	1/4		1/4	1		-4	32	Ab1	1	460
45	45	179	0.75	3/4	3/4	2/2	1	1	3/16		1/8	3/2		4	64	E4	4	452
45	45	719/4	0.25	15/16	15/16	2/2	1	1	1/16		1/16	1		-1	65	F4	4	453
46	46	180	4.0	0	0	2/2	3	1	1		1	1	-1	-4	44	Ab2	2	463
46	46	180	4.0	0	0	2/2	2	1	1		1	1		-5	49	Db3	3	462
46	46	180	4.0	0	0	2/2	2	1	1		1	1		-1	53	F3	3	462
46	46	180	4.0	0	0	2/2	2	1	1		1	1		5	59	B3	3	462
46	46	180	4.0	0	0	2/2	1	1	1		1	1		1	67	G4	4	461
46	46	181	0.75	1/4	1/4	2/2	3	2	3/16		1/8	3/2		-3	39	Eb2	2	464
46	46	727/4	0.25	7/16	7/16	2/2	3	2	1/16		1/16	1		-3	39	Eb2	2	465
46	46	182	1.0	1/2	1/2	2/2	3	2	1/4		1/4	1		-5	37	Db2	2	466
46	46	183	1.0	3/4	3/4	2/2	3	2	1/4		1/4	1		-3	39	Eb2	2	467
47	47	184	1.0	0	0	2/2	3	1	1/4		1/4	1	1	-2	34	Bb1	1	470
47	47	185	0.75	1/4	1/4	2/2	3	1	3/16		1/8	3/2	-1	-2	34	Bb1	1	471
47	47	185	0.5	1/4	1/4	2/2	2	1	1/8		1/8	1		4	40	E2	2	468
47	47	185	0.5	1/4	1/4	2/2	2	1	1/8		1/8	1		1	43	G2	2	468
47	47	185	0.5	1/4	1/4	2/2	2	1	1/8		1/8	1		5	47	B2	2	468
47	47	743/4	0.25	7/16	7/16	2/2	3	1	1/16		1/16	1		-7	35	Cb2	2	472
47	47	186	1.0	1/2	1/2	2/2	3	1	1/4		1/4	1	1	-2	34	Bb1	1	473
47	47	187	0.75	3/4	3/4	2/2	3	1	3/16		1/8	3/2	-1	-2	34	Bb1	1	474
47	47	187	0.5	3/4	3/4	2/2	2	1	1/8		1/8	1		2	38	D2	2	469
47	47	187	0.5	3/4	3/4	2/2	2	1	1/8		1/8	1		-1	41	F2	2	469
47	47	187	0.5	3/4	3/4	2/2	2	1	1/8		1/8	1		3	45	A2	2	469
47	47	751/4	0.25	15/16	15/16	2/2	3	1	1/16		1/16	1		-7	35	Cb2	2	475
48	48	188	1.0	0	0	2/2	3	1	1/4		1/4	1	1	-2	34	Bb1	1	476
48	48	189	0.75	1/4	1/4	2/2	3	1	3/16		1/8	3/2	-1	-2	34	Bb1	1	477
48	48	759/4	0.25	7/16	7/16	2/2	3	1	1/16		1/16	1		-7	35	Cb2	2	478
48	48	190	1.0	1/2	1/2	2/2	3	1	1/4		1/4	1	1	-2	34	Bb1	1	479
48	48	191	0.75	3/4	3/4	2/2	3	1	3/16		1/8	3/2	-1	-2	34	Bb1	1	480
48	48	767/4	0.25	15/16	15/16	2/2	3	1	1/16		1/16	1		-7	35	Cb2	2	481
49	49	192	1.0	0	0	2/2	3	2	1/4		1/4	1	1	-2	34	Bb1	1	491
49	49	192	1.0	0	0	2/2	2	1	1/4		1/4	1		-4	56	Ab3	3	486
49	49	192	1.0	0	0	2/2	2	1	1/4		1/4	1		-7	59	Cb4	4	486
49	49	192	1.0	0	0	2/2	1	1	1/4		1/4	1		-1	65	F4	4	482
49	49	193	0.75	1/4	1/4	2/2	3	2	3/16		1/8	3/2	-1	-2	34	Bb1	1	492
49	49	193	1.0	1/4	1/4	2/2	3	1	1/4		1/4	1		-2	46	Bb2	2	489
49	49	193	1.0	1/4	1/4	2/2	2	1	1/4		1/4	1		-6	54	Gb3	3	487
49	49	193	1.0	1/4	1/4	2/2	2	1	1/4		1/4	1		-2	58	Bb3	3	487
49	49	193	1.0	1/4	1/4	2/2	1	1	1/4		1/4	1		-3	63	Eb4	4	483
49	49	775/4	0.25	7/16	7/16	2/2	3	2	1/16		1/16	1		-7	35	Cb2	2	493
49	49	194	1.0	1/2	1/2	2/2	3	2	1/4		1/4	1	1	-2	34	Bb1	1	494
49	49	194	1.0	1/2	1/2	2/2	1	1	1/4		1/4	1		-5	49	Db3	3	484
49	49	194	1.0	1/2	1/2	2/2	1	1	1/4		1/4	1		-1	53	F3	3	484
49	49	194	1.0	1/2	1/2	2/2	1	1	1/4		1/4	1		-2	58	Bb3	3	484
49	49	195	0.75	3/4	3/4	2/2	3	2	3/16		1/8	3/2	-1	-2	34	Bb1	1	495
49	49	195	1.0	3/4	3/4	2/2	3	1	1/4		1/4	1		-2	46	Bb2	2	490
49	49	195	1.0	3/4	3/4	2/2	2	1	1/4		1/4	1		-2	58	Bb3	3	488
49	49	195	1.0	3/4	3/4	2/2	1	1	1/4		1/4	1		-5	61	Db4	4	485
49	49	195	1.0	3/4	3/4	2/2	1	1	1/4		1/4	1		-6	66	Gb4	4	485
49	49	783/4	0.25	15/16	15/16	2/2	3	2	1/16		1/16	1		-7	35	Cb2	2	496
50	50	196	1.0	0	0	2/2	3	2	1/4		1/4	1	1	-2	34	Bb1	1	508
50	50	196	1.0	0	0	2/2	2	1	1/4		1/4	1		-4	56	Ab3	3	501
50	50	196	1.0	0	0	2/2	2	1	1/4		1/4	1		-7	59	Cb4	4	501
50	50	196	1.0	0	0	2/2	1	1	1/4		1/4	1		-1	65	F4	4	497
50	50	197	0.75	1/4	1/4	2/2	3	2	3/16		1/8	3/2	-1	-2	34	Bb1	1	509
50	50	197	1.0	1/4	1/4	2/2	3	1	1/4		1/4	1		-2	46	Bb2	2	506
50	50	197	0.5	1/4	1/4	2/2	2	1	1/8		1/8	1		-6	54	Gb3	3	502
50	50	197	0.5	1/4	1/4	2/2	2	1	1/8		1/8	1		-2	58	Bb3	3	502
50	50	197	0.5	1/4	1/4	2/2	1	1	1/8		1/8	1		-3	63	Eb4	4	498
50	50	395/2	0.5	3/8	3/8	2/2	2	1	1/8		1/8	1		-1	53	F3	3	503
50	50	395/2	0.5	3/8	3/8	2/2	2	1	1/8		1/8	1		-4	56	Ab3	3	503
50	50	395/2	0.5	3/8	3/8	2/2	1	1	1/8		1/8	1		-5	61	Db4	4	499
50	50	791/4	0.25	7/16	7/16	2/2	3	2	1/16		1/16	1		-7	35	Cb2	2	510
50	50	198	1.0	1/2	1/2	2/2	3	2	1/4		1/4	1	1	-2	34	Bb1	1	511
50	50	198	1.0	1/2	1/2	2/2	2	1	1/4		1/4	1		2	50	D3	3	504
50	50	198	2.0	1/2	1/2	2/2	1	1	1/2		1/2	1		-6	54	Gb3	3	500
50	50	198	2.0	1/2	1/2	2/2	1	1	1/2		1/2	1		-2	58	Bb3	3	500
50	50	199	0.75	3/4	3/4	2/2	3	2	3/16		1/8	3/2	-1	-2	34	Bb1	1	512
50	50	199	1.0	3/4	3/4	2/2	3	1	1/4		1/4	1		-2	46	Bb2	2	507
50	50	199	1.0	3/4	3/4	2/2	2	1	1/4		1/4	1		-3	51	Eb3	3	505
50	50	799/4	0.25	15/16	15/16	2/2	3	2	1/16		1/16	1		-7	35	Cb2	2	513
51	51	200	1.0	0	0	2/2	3	2	1/4		1/4	1	1	-2	34	Bb1	1	523
51	51	200	1.0	0	0	2/2	2	1	1/4		1/4	1		-8	52	Fb3	3	518
51	51	200	1.0	0	0	2/2	2	1	1/4		1/4	1		-4	56	Ab3	3	518
51	51	200	1.0	0	0	2/2	1	1	1/4		1/4	1		-2	58	Bb3	3	514
51	51	201	0.75	1/4	1/4	2/2	3	2	3/16		1/8	3/2	-1	-2	34	Bb1	1	524
51	51	201	1.0	1/4	1/4	2/2	3	1	1/4		1/4	1		-2	46	Bb2	2	521
51	51	201	1.0	1/4	1/4	2/2	2	1	1/4		1/4	1		-4	56	Ab3	3	519
51	51	201	1.0	1/4	1/4	2/2	2	2	1/4		1/4	1		-2	58	Bb3	3	520
51	51	201	1.0	1/4	1/4	2/2	1	1	1/4		1/4	1		-5	61	Db4	4	515
51	51	807/4	0.25	7/16	7/16	2/2	3	2	1/16		1/16	1		-7	35	Cb2	2	525
51	51	202	1.0	1/2	1/2	2/2	3	2	1/4		1/4	1	1	-2	34	Bb1	1	526
51	51	202	1.0	1/2	1/2	2/2	1	1	1/4		1/4	1		-7	59	Cb4	4	516
51	51	202	1.0	1/2	1/2	2/2	1	1	1/4		1/4	1		-5	61	Db4	4	516
51	51	202	1.0	1/2	1/2	2/2	1	1	1/4		1/4	1		-8	64	Fb4	4	516
51	51	203	0.75	3/4	3/4	2/2	3	2	3/16		1/8	3/2	-1	-2	34	Bb1	1	527
51	51	203	1.0	3/4	3/4	2/2	3	1	1/4		1/4	1		-2	46	Bb2	2	522
51	51	203	1.0	3/4	3/4	2/2	1	1	1/4		1/4	1		-7	59	Cb4	4	517
51	51	203	1.0	3/4	3/4	2/2	1	1	1/4		1/4	1		-5	61	Db4	4	517
51	51	203	1.0	3/4	3/4	2/2	1	1	1/4		1/4	1		-3	63	Eb4	4	517
51	51	815/4	0.25	15/16	15/16	2/2	3	2	1/16		1/16	1		-7	35	Cb2	2	528
52	52	204	1.0	0	0	2/2	3	1	1/4		1/4	1	1	-2	34	Bb1	1	536
52	52	204	1.0	0	0	2/2	2	1	1/4		1/4	1		-6	54	Gb3	3	533
52	52	204	1.0	0	0	2/2	1	1	1/4		1/4	1		-2	58	Bb3	3	529
52	52	204	1.0	0	0	2/2	1	1	1/4		1/4	1		0	60	C4	4	529
52	52	205	0.75	1/4	1/4	2/2	3	1	3/16		1/8	3/2	-1	-2	34	Bb1	1	537
52	52	205	1.0	1/4	1/4	2/2	2	1	1/4		1/4	1		3	57	A3	3	534
52	52	205	1.0	1/4	1/4	2/2	1	2	1/4		1/4	1		-5	61	Db4	4	532
52	52	205	1.0	1/4	1/4	2/2	1	1	1/4		1/4	1		-3	63	Eb4	4	530
52	52	823/4	0.25	7/16	7/16	2/2	3	1	1/16		1/16	1		-2	46	Bb2	2	538
52	52	206	1.0	1/2	1/2	2/2	3	1	1/4		1/4	1	1	-2	58	Bb3	3	539
52	52	206	2.0	1/2	1/2	2/2	2	1	1/2		1/2	1	1	0	60	C4	4	535
52	52	206	2.0	1/2	1/2	2/2	2	1	1/2		1/2	1	1	-3	63	Eb4	4	535
52	52	206	2.0	1/2	1/2	2/2	1	1	1/2		1/2	1	1	-6	66	Gb4	4	531
52	52	207	0.75	3/4	3/4	2/2	3	1	3/16		1/8	3/2	-1	-2	58	Bb3	3	540
52	52	831/4	0.25	15/16	15/16	2/2	3	1	1/16		1/16	1		-2	46	Bb2	2	541
53	53	208	1.0	0	0	2/2	3	1	1/4		1/4	1	1	-2	34	Bb1	1	547
53	53	208	2.0	0	0	2/2	2	1	1/2		1/2	1	-1	0	60	C4	4	546
53	53	208	2.0	0	0	2/2	2	1	1/2		1/2	1	-1	-3	63	Eb4	4	546
53	53	208	1.0	0	0	2/2	1	1	1/4		1/4	1	-1	-6	66	Gb4	4	542
53	53	209	0.75	1/4	1/4	2/2	3	1	3/16		1/8	3/2	-1	-2	34	Bb1	1	548
53	53	209	1.0	1/4	1/4	2/2	1	1	1/4		1/4	1		-4	68	Ab4	4	543
53	53	839/4	0.25	7/16	7/16	2/2	3	1	1/16		1/16	1		-2	46	Bb2	2	549
53	53	210	1.0	1/2	1/2	2/2	3	1	1/4		1/4	1	1	-2	58	Bb3	3	550
53	53	210	1.0	1/2	1/2	2/2	1	1	1/4		1/4	1		-7	59	Cb4	4	544
53	53	210	1.0	1/2	1/2	2/2	1	1	1/4		1/4	1		-3	63	Eb4	4	544
53	53	210	1.0	1/2	1/2	2/2	1	1	1/4		1/4	1		-6	66	Gb4	4	544
53	53	210	1.0	1/2	1/2	2/2	1	1	1/4		1/4	1		-4	68	Ab4	4	544
53	53	211	0.75	3/4	3/4	2/2	3	1	3/16		1/8	3/2	-1	-2	58	Bb3	3	551
53	53	211	1.0	3/4	3/4	2/2	1	1	1/4		1/4	1		-2	58	Bb3	3	545
53	53	211	1.0	3/4	3/4	2/2	1	1	1/4		1/4	1		-5	61	Db4	4	545
53	53	211	1.0	3/4	3/4	2/2	1	1	1/4		1/4	1		-1	65	F4	4	545
53	53	211	1.0	3/4	3/4	2/2	1	1	1/4		1/4	1		-2	70	Bb4	4	545
53	53	847/4	0.25	15/16	15/16	2/2	3	1	1/16		1/16	1		-2	46	Bb2	2	552
54	54	212	1.0	0	0	2/2	3	1	1/4		1/4	1	1	-2	34	Bb1	1	559
54	54	212	2.0	0	0	2/2	2	1	1/2		1/2	1		2	62	D4	4	557
54	54	212	2.0	0	0	2/2	2	1	1/2		1/2	1		-3	63	Eb4	4	557
54	54	212	1.0	0	0	2/2	1	1	1/4		1/4	1		-6	66	Gb4	4	553
54	54	213	0.75	1/4	1/4	2/2	3	1	3/16		1/8	3/2	-1	-2	34	Bb1	1	560
54	54	213	1.0	1/4	1/4	2/2	1	1	1/4		1/4	1		-4	68	Ab4	4	554
54	54	855/4	0.25	7/16	7/16	2/2	3	1	1/16		1/16	1		-2	46	Bb2	2	561
54	54	214	1.0	1/2	1/2	2/2	3	1	1/4		1/4	1	1	-2	58	Bb3	3	562
54	54	214	2.0	1/2	1/2	2/2	2	1	1/2		1/2	1		-5	61	Db4	4	558
54	54	214	2.0	1/2	1/2	2/2	2	1	1/2		1/2	1		-3	63	Eb4	4	558
54	54	214	2.0	1/2	1/2	2/2	2	1	1/2		1/2	1		-6	66	Gb4	4	558
54	54	214	1.0	1/2	1/2	2/2	1	1	1/4		1/4	1		-4	68	Ab4	4	555
54	54	215	0.75	3/4	3/4	2/2	3	1	3/16		1/8	3/2	-1	-2	58	Bb3	3	563
54	54	215	1.0	3/4	3/4	2/2	1	1	1/4		1/4	1		-2	70	Bb4	4	556
54	54	863/4	0.25	15/16	15/16	2/2	3	1	1/16		1/16	1		-2	46	Bb2	2	564
55	55	216	4.0	0	0	2/2	3	1	1		1	1		-4	44	Ab2	2	576
55	55	216	4.0	0	0	2/2	3	1	1		1	1		-3	51	Eb3	3	576
55	55	216	4.0	0	0	2/2	3	1	1		1	1		-4	56	Ab3	3	576
55	55	216	1.5	0	0	2/2	2	1	3/8		1/4	3/2		0	60	C4	4	571
55	55	216	4.0	0	0	2/2	1	2	1		1	1		-6	66	Gb4	4	570
55	55	216	4.0	0	0	2/2	1	2	1		1	1		-4	68	Ab4	4	570
55	55	216	1.5	0	0	2/2	1	1	3/8		1/4	3/2		0	72	C5	5	565
55	55	435/2	0.5	3/8	3/8	2/2	2	1	1/8		1/8	1		-5	61	Db4	4	572
55	55	435/2	0.5	3/8	3/8	2/2	1	1	1/8		1/8	1		-5	73	Db5	5	566
55	55	218	1.0	1/2	1/2	2/2	2	1	1/4		1/4	1		0	60	C4	4	573
55	55	218	1.0	1/2	1/2	2/2	1	1	1/4		1/4	1		0	72	C5	5	567
55	55	219	0.5	3/4	3/4	2/2	2	1	1/8		1/8	1		-2	58	Bb3	3	574
55	55	219	0.5	3/4	3/4	2/2	1	1	1/8		1/8	1		-2	70	Bb4	4	568
55	55	439/2	0.5	7/8	7/8	2/2	2	1	1/8		1/8	1		-4	56	Ab3	3	575
55	55	439/2	0.5	7/8	7/8	2/2	1	1	1/8		1/8	1		-4	68	Ab4	4	569
56	56	220	1.0	0	0	2/2	3	1	1/4		1/4	1		-3	39	Eb2	2	583
56	56	220	1.0	0	0	2/2	3	1	1/4		1/4	1		-2	46	Bb2	2	583
56	56	220	1.0	0	0	2/2	3	1	1/4		1/4	1		-6	54	Gb3	3	583
56	56	220	1.0	0	0	2/2	1	1	1/4		1/4	1		-3	63	Eb4	4	577
56	56	220	1.0	0	0	2/2	1	1	1/4		1/4	1		-6	66	Gb4	4	577
56	56	220	1.0	0	0	2/2	1	1	1/4		1/4	1		-2	70	Bb4	4	577
56	56	220	1.0	0	0	2/2	1	1	1/4		1/4	1		-3	75	Eb5	5	577
56	56	221	1.0	1/4	1/4	2/2	3	1	1/4		1/4	1		-2	46	Bb2	2	584
56	56	221	1.0	1/4	1/4	2/2	3	1	1/4		1/4	1		-1	53	F3	3	584
56	56	221	1.0	1/4	1/4	2/2	2	1	1/4		1/4	1		-2	58	Bb3	3	581
56	56	221	1.0	1/4	1/4	2/2	1	1	1/4		1/4	1		2	62	D4	4	578
56	56	221	1.0	1/4	1/4	2/2	1	1	1/4		1/4	1		-1	65	F4	4	578
56	56	221	1.0	1/4	1/4	2/2	1	1	1/4		1/4	1		-2	70	Bb4	4	578
56	56	222	1.0	1/2	1/2	2/2	3	1	1/4		1/4	1		-5	37	Db2	2	585
56	56	222	1.0	1/2	1/2	2/2	3	1	1/4		1/4	1		-4	44	Ab2	2	585
56	56	222	1.0	1/2	1/2	2/2	3	1	1/4		1/4	1		-8	52	Fb3	3	585
56	56	222	1.0	1/2	1/2	2/2	1	1	1/4		1/4	1		-5	61	Db4	4	579
56	56	222	1.0	1/2	1/2	2/2	1	1	1/4		1/4	1		-8	64	Fb4	4	579
56	56	222	1.0	1/2	1/2	2/2	1	1	1/4		1/4	1		-4	68	Ab4	4	579
56	56	222	1.0	1/2	1/2	2/2	1	1	1/4		1/4	1		-5	73	Db5	5	579
56	56	223	1.0	3/4	3/4	2/2	3	1	1/4		1/4	1		-4	44	Ab2	2	586
56	56	223	1.0	3/4	3/4	2/2	3	1	1/4		1/4	1		-3	51	Eb3	3	586
56	56	223	1.0	3/4	3/4	2/2	2	1	1/4		1/4	1		-4	56	Ab3	3	582
56	56	223	1.0	3/4	3/4	2/2	1	1	1/4		1/4	1		0	60	C4	4	580
56	56	223	1.0	3/4	3/4	2/2	1	1	1/4		1/4	1		-3	63	Eb4	4	580
56	56	223	1.0	3/4	3/4	2/2	1	1	1/4		1/4	1		-4	68	Ab4	4	580
57	57	226	2.0	1/2	1/2	2/2	3	1	1/2		1/2	1		-7	47	Cb3	3	588
57	57	226	2.0	1/2	1/2	2/2	3	1	1/2		1/2	1		-6	54	Gb3	3	588
57	57	226	2.0	1/2	1/2	2/2	1	1	1/2		1/2	1		-7	59	Cb4	4	587
57	57	226	2.0	1/2	1/2	2/2	1	1	1/2		1/2	1		-3	63	Eb4	4	587
57	57	226	2.0	1/2	1/2	2/2	1	1	1/2		1/2	1		-6	66	Gb4	4	587
57	57	226	2.0	1/2	1/2	2/2	1	1	1/2		1/2	1		-7	71	Cb5	5	587
58	58	228	2.0	0	0	2/2	3	1	1/2		1/2	1		-1	41	F2	2	593
58	58	228	2.0	0	0	2/2	3	1	1/2		1/2	1		0	48	C3	3	593
58	58	228	2.0	0	0	2/2	3	1	1/2		1/2	1		-1	53	F3	3	593
58	58	228	2.0	0	0	2/2	2	1	1/2		1/2	1		3	57	A3	3	591
58	58	228	2.0	0	0	2/2	1	1	1/2		1/2	1		0	60	C4	4	589
58	58	228	2.0	0	0	2/2	1	1	1/2		1/2	1		-1	65	F4	4	589
58	58	230	2.0	1/2	1/2	2/2	3	1	1/2		1/2	1		-4	44	Ab2	2	594
58	58	230	2.0	1/2	1/2	2/2	3	1	1/2		1/2	1		-3	51	Eb3	3	594
58	58	230	2.0	1/2	1/2	2/2	2	1	1/2		1/2	1		-4	56	Ab3	3	592
58	58	230	2.0	1/2	1/2	2/2	1	1	1/2		1/2	1		-7	59	Cb4	4	590
58	58	230	2.0	1/2	1/2	2/2	1	1	1/2		1/2	1		-3	63	Eb4	4	590
58	58	230	2.0	1/2	1/2	2/2	1	1	1/2		1/2	1		-4	68	Ab4	4	590
59	59	232	1.0	0	0	2/2	3	2	1/4		1/4	1		-4	44	Ab2	2	602
59	59	232	4.0	0	0	2/2	3	4	1		1	1		-4	44	Ab2	2	604
59	59	232	2.0	0	0	2/2	3	1	1/2		1/2	1		-2	46	Bb2	2	600
59	59	232	1.0	0	0	2/2	2	2	1/4		1/4	1		-4	56	Ab3	3	597
59	59	232	4.0	0	0	2/2	2	4	1		1	1		-4	56	Ab3	3	599
59	59	232	2.0	0	0	2/2	2	1	1/2		1/2	1		-2	58	Bb3	3	595
59	59	233	3.0	1/4	1/4	2/2	3	2	3/4		1/2	3/2		-1	41	F2	2	603
59	59	233	3.0	1/4	1/4	2/2	2	2	3/4		1/2	3/2		-1	53	F3	3	598
59	59	234	2.0	1/2	1/2	2/2	3	1	1/2		1/2	1		-7	47	Cb3	3	601
59	59	234	2.0	1/2	1/2	2/2	2	1	1/2		1/2	1		-7	59	Cb4	4	596
60	60	236	1.0	0	0	2/2	3	2	1/4		1/4	1		-4	44	Ab2	2	612
60	60	236	4.0	0	0	2/2	3	4	1		1	1		-4	44	Ab2	2	614
60	60	236	2.0	0	0	2/2	3	1	1/2		1/2	1		-2	46	Bb2	2	610
60	60	236	1.0	0	0	2/2	2	2	1/4		1/4	1		-4	56	Ab3	3	607
60	60	236	4.0	0	0	2/2	2	4	1		1	1		-4	56	Ab3	3	609
60	60	236	2.0	0	0	2/2	2	1	1/2		1/2	1		-2	58	Bb3	3	605
60	60	237	3.0	1/4	1/4	2/2	3	2	3/4		1/2	3/2		-8	40	Fb2	2	613
60	60	237	3.0	1/4	1/4	2/2	2	2	3/4		1/2	3/2		-8	52	Fb3	3	608
60	60	238	2.0	1/2	1/2	2/2	3	1	1/2		1/2	1		0	48	C3	3	611
60	60	238	2.0	1/2	1/2	2/2	2	1	1/2		1/2	1		0	60	C4	4	606
61	61	240	4.0	0	0	2/2	3	1	1		1	1	1	-3	39	Eb2	2	629
61	61	240	4.0	0	0	2/2	3	1	1		1	1	1	-2	46	Bb2	2	629
61	61	240	4.0	0	0	2/2	2	2	1		1	1	1	-3	51	Eb3	3	628
61	61	240	4.0	0	0	2/2	2	2	1		1	1	1	-6	54	Gb3	3	628
61	61	240	2.0	0	0	2/2	2	1	1/2		1/2	1		-5	61	Db4	4	626
61	61	481/2	0.16666666666666666	1/8	1/8	2/2	1	1	1/24		1/16	2/3		-1	65	F4	4	615
61	61	722/3	0.16666666666666666	1/6	1/6	2/2	1	1	1/24		1/16	2/3		-1	65	F4	4	616
61	61	1445/6	0.16666666666666666	5/24	5/24	2/2	1	1	1/24		1/16	2/3		-1	65	F4	4	617
61	61	241	0.375	1/4	1/4	2/2	1	1	3/32		1/16	3/2		-1	65	F4	4	618
61	61	1931/8	0.125	11/32	11/32	2/2	1	1	1/32		1/32	1		0	72	C5	5	619
61	61	483/2	0.5	3/8	3/8	2/2	1	1	1/8		1/8	1	1	0	72	C5	5	620
61	61	242	2.0	1/2	1/2	2/2	2	1	1/2		1/2	1		0	60	C4	4	627
61	61	242	1.0	1/2	1/2	2/2	1	1	1/4		1/4	1	0	0	72	C5	5	621
61	61	243	0.5	3/4	3/4	2/2	1	1	1/8		1/8	1	-1	0	72	C5	5	622
61	61	487/2	0.16666666666666666	7/8	7/8	2/2	1	1	1/24		1/16	2/3		0	72	C5	5	623
61	61	731/3	0.16666666666666666	11/12	11/12	2/2	1	1	1/24		1/16	2/3		0	72	C5	5	624
61	61	1463/6	0.16666666666666666	23/24	23/24	2/2	1	1	1/24		1/16	2/3		-1	77	F5	5	625
62	62	244	4.0	0	0	2/2	3	1	1		1	1	-1	-3	39	Eb2	2	637
62	62	244	4.0	0	0	2/2	3	1	1		1	1	-1	-2	46	Bb2	2	637
62	62	244	4.0	0	0	2/2	2	2	1		1	1	-1	-3	51	Eb3	3	636
62	62	244	4.0	0	0	2/2	2	2	1		1	1	-1	-6	54	Gb3	3	636
62	62	244	2.0	0	0	2/2	2	1	1/2		1/2	1		-2	58	Bb3	3	634
62	62	244	0.5	0	0	2/2	1	1	1/8		1/8	1		0	72	C5	5	630
62	62	489/2	0.25	1/8	1/8	2/2	1	1	1/16		1/16	1		-1	65	F4	4	631
62	62	979/4	0.25	3/16	3/16	2/2	1	1	1/16		1/16	1		0	72	C5	5	632
62	62	245	2.0	1/4	1/4	2/2	1	1	1/2		1/2	1		-1	65	F4	4	633
62	62	246	2.0	1/2	1/2	2/2	2	1	1/2		1/2	1		0	60	C4	4	635
63	63	248	4.0	0	0	2/2	3	1	1		1	1	1	-3	39	Eb2	2	652
63	63	248	4.0	0	0	2/2	3	1	1		1	1	1	-2	46	Bb2	2	652
63	63	248	4.0	0	0	2/2	2	2	1		1	1	1	-3	51	Eb3	3	651
63	63	248	4.0	0	0	2/2	2	2	1		1	1	1	-6	54	Gb3	3	651
63	63	248	2.0	0	0	2/2	2	1	1/2		1/2	1		-5	61	Db4	4	649
63	63	497/2	0.16666666666666666	1/8	1/8	2/2	1	1	1/24		1/16	2/3		-1	65	F4	4	638
63	63	746/3	0.16666666666666666	1/6	1/6	2/2	1	1	1/24		1/16	2/3		-1	65	F4	4	639
63	63	1493/6	0.16666666666666666	5/24	5/24	2/2	1	1	1/24		1/16	2/3		-1	65	F4	4	640
63	63	249	0.375	1/4	1/4	2/2	1	1	3/32		1/16	3/2		-1	65	F4	4	641
63	63	1995/8	0.125	11/32	11/32	2/2	1	1	1/32		1/32	1		0	72	C5	5	642
63	63	499/2	0.5	3/8	3/8	2/2	1	1	1/8		1/8	1	1	0	72	C5	5	643
63	63	250	2.0	1/2	1/2	2/2	2	1	1/2		1/2	1		0	60	C4	4	650
63	63	250	1.0	1/2	1/2	2/2	1	1	1/4		1/4	1	0	0	72	C5	5	644
63	63	251	0.5	3/4	3/4	2/2	1	1	1/8		1/8	1	-1	0	72	C5	5	645
63	63	503/2	0.16666666666666666	7/8	7/8	2/2	1	1	1/24		1/16	2/3		0	72	C5	5	646
63	63	755/3	0.16666666666666666	11/12	11/12	2/2	1	1	1/24		1/16	2/3		0	72	C5	5	647
63	63	1511/6	0.16666666666666666	23/24	23/24	2/2	1	1	1/24		1/16	2/3		-1	77	F5	5	648
64	64	252	4.0	0	0	2/2	3	1	1		1	1	0	-3	39	Eb2	2	660
64	64	252	4.0	0	0	2/2	3	1	1		1	1	0	-2	46	Bb2	2	660
64	64	252	4.0	0	0	2/2	2	2	1		1	1	-1	-3	51	Eb3	3	659
64	64	252	4.0	0	0	2/2	2	2	1		1	1	-1	-6	54	Gb3	3	659
64	64	252	2.0	0	0	2/2	2	1	1/2		1/2	1		-2	58	Bb3	3	657
64	64	252	0.5	0	0	2/2	1	1	1/8		1/8	1		0	72	C5	5	653
64	64	505/2	0.25	1/8	1/8	2/2	1	1	1/16		1/16	1	1	-1	65	F4	4	654
64	64	1011/4	0.25	3/16	3/16	2/2	1	1	1/16		1/16	1		0	72	C5	5	655
64	64	253	1.0	1/4	1/4	2/2	1	1	1/4		1/4	1	-1	-1	65	F4	4	656
64	64	254	2.0	1/2	1/2	2/2	2	1	1/2		1/2	1		0	60	C4	4	658
65	65	256	3.0	0	0	2/2	3	2	3/4		1/2	3/2	-1	-3	39	Eb2	2	669
65	65	256	4.0	0	0	2/2	3	1	1		1	1	0	-2	46	Bb2	2	668
65	65	256	4.0	0	0	2/2	3	1	1		1	1	1	1	55	G3	3	668
65	65	256	4.0	0	0	2/2	3	1	1		1	1	1	-2	58	Bb3	3	668
65	65	256	4.0	0	0	2/2	2	1	1		1	1	1	-1	65	F4	4	667
65	65	256	4.0	0	0	2/2	2	1	1		1	1	1	0	72	C5	5	667
65	65	256	4.0	0	0	2/2	2	1	1		1	1	1	1	79	G5	5	667
65	65	256	4.0	0	0	2/2	2	1	1		1	1	1	0	84	C6	6	667
65	65	257	0.3333333333333333	1/4	1/4	2/2	1	1	1/12		1/8	2/3		-3	63	Eb4	4	661
65	65	257	0.3333333333333333	1/4	1/4	2/2	1	1	1/12		1/8	2/3		-1	65	F4	4	661
65	65	772/3	0.3333333333333333	1/3	1/3	2/2	1	1	1/12		1/8	2/3		-3	63	Eb4	4	662
65	65	772/3	0.3333333333333333	1/3	1/3	2/2	1	1	1/12		1/8	2/3		-1	65	F4	4	662
65	65	773/3	0.3333333333333333	5/12	5/12	2/2	1	1	1/12		1/8	2/3		-3	63	Eb4	4	663
65	65	773/3	0.3333333333333333	5/12	5/12	2/2	1	1	1/12		1/8	2/3		-1	65	F4	4	663
65	65	258	0.75	1/2	1/2	2/2	1	1	3/16		1/8	3/2		-3	63	Eb4	4	664
65	65	258	0.75	1/2	1/2	2/2	1	1	3/16		1/8	3/2		-1	65	F4	4	664
65	65	1035/4	0.25	11/16	11/16	2/2	1	1	1/16		1/16	1		-2	70	Bb4	4	665
65	65	1035/4	0.25	11/16	11/16	2/2	1	1	1/16		1/16	1		0	72	C5	5	665
65	65	259	1.0	3/4	3/4	2/2	3	2	1/4		1/4	1		-2	34	Bb1	1	670
65	65	259	1.0	3/4	3/4	2/2	1	1	1/4		1/4	1	1	-2	70	Bb4	4	666
65	65	259	1.0	3/4	3/4	2/2	1	1	1/4		1/4	1	1	0	72	C5	5	666
66	66	260	1.0	0	0	2/2	3	2	1/4		1/4	1		-3	39	Eb2	2	674
66	66	260	4.0	0	0	2/2	3	1	1		1	1	0	-2	46	Bb2	2	673
66	66	260	4.0	0	0	2/2	3	1	1		1	1	0	1	55	G3	3	673
66	66	260	4.0	0	0	2/2	3	1	1		1	1	0	-2	58	Bb3	3	673
66	66	260	4.0	0	0	2/2	2	1	1		1	1	-1	-1	65	F4	4	672
66	66	260	4.0	0	0	2/2	1	1	1		1	1	0	-2	70	Bb4	4	671
66	66	260	4.0	0	0	2/2	1	1	1		1	1	0	0	72	C5	5	671
66	66	260	4.0	0	0	2/2	2	1	1		1	1	0	0	72	C5	5	672
66	66	260	4.0	0	0	2/2	2	1	1		1	1	0	1	79	G5	5	672
66	66	260	4.0	0	0	2/2	2	1	1		1	1	0	0	84	C6	6	672
66	66	261	1.0	1/4	1/4	2/2	3	2	1/4		1/4	1		-2	34	Bb1	1	675
66	66	262	1.0	1/2	1/2	2/2	3	2	1/4		1/4	1		-3	39	Eb2	2	676
66	66	263	1.0	3/4	3/4	2/2	3	2	1/4		1/4	1		-2	34	Bb1	1	677
67	67	264	2.0	0	0	2/2	3	2	1/2		1/2	1		-3	39	Eb2	2	682
67	67	264	4.0	0	0	2/2	3	1	1		1	1	0	-2	46	Bb2	2	681
67	67	264	4.0	0	0	2/2	3	1	1		1	1	0	1	55	G3	3	681
67	67	264	4.0	0	0	2/2	3	1	1		1	1	0	-2	58	Bb3	3	681
67	67	264	4.0	0	0	2/2	2	1	1		1	1	1	-3	63	Eb4	4	680
67	67	264	4.0	0	0	2/2	2	1	1		1	1	1	-1	65	F4	4	680
67	67	264	4.0	0	0	2/2	1	2	1		1	1	-1	-2	70	Bb4	4	679
67	67	264	4.0	0	0	2/2	1	2	1		1	1	-1	0	72	C5	5	679
67	67	264	4.0	0	0	2/2	2	1	1		1	1	0	0	72	C5	5	680
67	67	264	4.0	0	0	2/2	2	1	1		1	1	0	1	79	G5	5	680
67	67	264	4.0	0	0	2/2	2	1	1		1	1	0	0	84	C6	6	680
67	67	266	1.0	1/2	1/2	2/2	3	2	1/4		1/4	1		-3	27	Eb1	1	683
67	67	266	2.0	1/2	1/2	2/2	1	1	1/2		1/2	1	1	-3	75	Eb5	5	678
67	67	266	2.0	1/2	1/2	2/2	1	1	1/2		1/2	1	1	-2	82	Bb5	5	678
68	68	268	1.0	0	0	2/2	3	2	1/4		1/4	1		-3	27	Eb1	1	687
68	68	268	4.0	0	0	2/2	3	1	1		1	1		-3	39	Eb2	2	686
68	68	268	4.0	0	0	2/2	3	1	1		1	1	-1	-2	46	Bb2	2	686
68	68	268	4.0	0	0	2/2	3	1	1		1	1	-1	1	55	G3	3	686
68	68	268	4.0	0	0	2/2	3	1	1		1	1	-1	-2	58	Bb3	3	686
68	68	268	4.0	0	0	2/2	2	1	1		1	1	-1	-3	63	Eb4	4	685
68	68	268	4.0	0	0	2/2	2	1	1		1	1	-1	-1	65	F4	4	685
68	68	268	4.0	0	0	2/2	2	1	1		1	1	-1	0	72	C5	5	685
68	68	268	4.0	0	0	2/2	1	1	1		1	1	-1	-3	75	Eb5	5	684
68	68	268	4.0	0	0	2/2	2	1	1		1	1	-1	1	79	G5	5	685
68	68	268	4.0	0	0	2/2	1	1	1		1	1	-1	-2	82	Bb5	5	684
68	68	268	4.0	0	0	2/2	2	1	1		1	1	-1	0	84	C6	6	685
